kind	owner	name	min_args	max_args	parameters	returns	callback_arity	callback_parameters	authority	lifetime	confidence	status	evidence	notes
global_function	Engine	RadialDamageData	0	0	-	RadialDamageData	-	-	construction_local; dispatch_engine_owned	Lua wrapper is mutable before dispatch; retention after RadialDamage is unproven	STOCK_BYTECODE	CONFIRMED	WF-STOCK-BARD-BOXLOOP;WF-STOCK-CALENDAR-CALLBACK;WF-LIVE-MALLET-2026-08-23	Creates the outgoing radial-damage packet used by Mallet.
global_function	_GLOBAL	IsNull	1	1	value:any	boolean	-	-	local_safe	No lifetime ownership; null test only	STOCK_BYTECODE	CONFIRMED	WF-STOCK-BARD-BOXLOOP	Use before dereferencing borrowed engine objects.
global_function	Engine	UpgradedValue	1	1	base:number	UpgradedValue	-	-	local_calculation	Temporary value wrapper; post-dispatch retention unproven	STOCK_BYTECODE	CONFIRMED	WF-STOCK-BARD-BOXLOOP	Accepted by RadialDamageData:SetBaseAmount in stock Mallet.
method	RadialDamageData	SetSource	1	1	source:AvatarOrEntity	nil	-	-	dispatch_metadata	Packet-local reference valid for dispatch	STOCK_BYTECODE	CONFIRMED	WF-STOCK-BARD-BOXLOOP	Source attribution field.
method	RadialDamageData	SetOrigin	1	1	origin:Vector3	nil	-	-	dispatch_metadata	Value copied or retained for dispatch; exact ownership unproven	STOCK_BYTECODE	CONFIRMED	WF-STOCK-BARD-BOXLOOP	Mallet supplies its pulse origin.
method	RadialDamageData	SetBaseAmount	1	1	amount:number|UpgradedValue	nil	-	-	dispatch_metadata	Packet-local value	STOCK_BYTECODE	CONFIRMED	WF-STOCK-BARD-BOXLOOP	Configures attempted radial damage before per-target application.
method	RadialDamageData	SetDamagePct	2	2	damage_type:number; fraction:number	nil	-	-	dispatch_metadata	Packet-local value	STOCK_BYTECODE	CONFIRMED	WF-STOCK-BARD-BOXLOOP	Stock Mallet uses damage type 7 at fraction 1.
method	RadialDamageData	SetSourceObject	1	1	source_object:Entity	nil	-	-	dispatch_metadata	Borrowed source-object reference for dispatch	STOCK_BYTECODE	CONFIRMED	WF-STOCK-BARD-BOXLOOP	Do not use Lua wrapper identity as a universal hit discriminator.
method	RadialDamageData	SetDamageCallback	1	1	callback:function	nil	2	damaged_target:AvatarOrEntity_object_ref; damage_amount:number	dispatch_callback	Target is a borrowed engine object valid during the synchronous callback; retention after callback is unproven	LIVE_CONFIRMED	CONFIRMED	WF-NATIVE-SETDAMAGECALLBACK-RVA;WF-LIVE-MALLET-2026-08-23;WF-CERT-RADIAL-CALLBACK;WF-LIVE-MALLET-CALLBACK-TARGET-2026-09-08;WF-LIVE-MALLET-CALLBACK-ISDEAD-NIL-2026-09-08	Argument 1 unwraps to the damaged AvatarOrEntity native object and argument 2 is the engine-reported numeric damage result. The callback Lua wrapper does not expose IsDead on the tested RifleLancerAvatar path; do not assume the full ordinary Avatar Lua method table. Callback may run multiple times for one radial dispatch.
method	Region	RadialDamage	1	1	packet:RadialDamageData	nil	-	-	host_or_server_expected; multiplayer_not_verified	Consumes or reads packet during dispatch; asynchronous retention unproven	LIVE_CONFIRMED	CONFIRMED	WF-STOCK-BARD-BOXLOOP;WF-LIVE-MALLET-2026-08-23	Engine owns victim selection and the complete Mallet pulse radius.
method	Avatar	DamageControl	0	0	-	DamageControl	-	-	local_read; writes_require_authority	Borrowed engine-owned handle; reacquire after avatar lifecycle changes	LIVE_CONFIRMED	CONFIRMED	WF-STOCK-BARD-BOXLOOP;WF-LIVE-MALLET-2026-08-23	Used to read and update caster Overguard.
method	DamageControl	GetOverguardAmount	0	0	-	number	-	-	local_read	Value result; receiver is engine-owned	LIVE_CONFIRMED	CONFIRMED	WF-LIVE-MALLET-2026-08-23	Returns the current Overguard amount observed by the script.
method	DamageControl	SetOverguardAmount	1	1	amount:number	nil	-	-	authoritative_write_expected; solo_private_server_verified	Receiver is borrowed; write applies to current avatar state	LIVE_CONFIRMED	CONFIRMED	WF-LIVE-MALLET-2026-08-23	Absolute setter, not an additive grant. Clamp and preserve larger pre-existing pools in Lua.
method	Avatar	GetPlayer	0	0	-	PlayerHandle|unknown	-	-	local_read	Opaque borrowed handle; exact concrete type unresolved	LIVE_CONFIRMED	CONFIRMED	WF-LIVE-MALLET-2026-08-23	Only the composition GetPlayer -> NotifyOverguardGain argument 1 is confirmed.
method	Avatar	NotifyOverguardGain	2	2	player:PlayerHandle|unknown; positive_delta:number	nil	-	-	local_ui_or_replication_notification; multiplayer_not_verified	Arguments consumed during call; retention unproven	LIVE_CONFIRMED	CONFIRMED	WF-LIVE-MALLET-2026-08-23	Pass the positive delta, not the new absolute pool value.
method	Ability	GetAvatarOwner	0	0	-	Avatar_ref_or_null_unresolved	-	-	local_read	Borrowed engine-owned avatar reference; reacquire after ability or avatar lifecycle changes	STOCK_BYTECODE	CONFIRMED	WF-STOCK-BARD-BOXLOOP	Stock Mallet calls this with zero explicit arguments on the exact creator ability used as RadialDamageData source, then uses the result as the caster. Null behavior is not proven; callers must guard with IsNull.
method	UpgradedValue	AddModifiers	1	1	modifiers:table	nil	-	-	local_calculation	Mutates temporary UpgradedValue	STOCK_BYTECODE	CONFIRMED	WF-STOCK-BARD-BOXLOOP	Stock Mallet applies its modifier table before SetBaseAmount.
method	Ability	GetLocalizeTag	0	0	-	LocalizeTag	-	-	local_read	Borrowed engine-owned tag wrapper; consume immediately	LIVE_CONFIRMED	CONFIRMED	WF-LIVE-MALLET-EXACT-PIPELINE-2026-08-25	The target addon uses the returned tag only to match the currently queried ability.
method	LocalizeTag	c_str	0	0	-	string	-	-	local_read	String value is consumed during the current comparison	LIVE_CONFIRMED	CONFIRMED	WF-LIVE-MALLET-EXACT-PIPELINE-2026-08-25	Confirmed only as the immediate GetLocalizeTag to c_str comparison used by the Mallet matcher.
method	InventoryControl	ModifyValue	4	4	value:UpgradedValue; selector:number; suit_type:Type; suit:PowerSuit	nil	-	-	local_calculation	Mutates the temporary UpgradedValue; engine objects are borrowed	STOCK_BYTECODE	CONFIRMED	WF-STOCK-BARD-BOXLOOP;WF-LIVE-MALLET-EXACT-PIPELINE-2026-08-25	The four-argument shape is confirmed for this Mallet path. Selector 10 remains scope-bound and is not a universal Strength enum.
field	RadialDamageData	radius	-	-	number	nil	-	-	dispatch_metadata	Packet-local value	STOCK_BYTECODE	CONFIRMED	WF-STOCK-BARD-BOXLOOP	Outer radial pulse radius; not equivalent to a Lua FindAll snapshot centered on the Mallet ball.
field	RadialDamageData	horizontalImpulse	-	-	number	nil	-	-	dispatch_metadata	Packet-local value	STOCK_BYTECODE	CONFIRMED	WF-STOCK-BARD-BOXLOOP	Stock Mallet value is 100 in the inspected build.
field	RadialDamageData	verticalImpulse	-	-	number	nil	-	-	dispatch_metadata	Packet-local value	STOCK_BYTECODE	CONFIRMED	WF-STOCK-BARD-BOXLOOP	Stock Mallet value is 33.333333333333336 in the inspected build.
field	RadialDamageData	ignoreEntity	-	-	Entity	nil	-	-	dispatch_metadata	Borrowed packet reference	STOCK_BYTECODE	CONFIRMED	WF-STOCK-BARD-BOXLOOP	Entity excluded by the stock packet.
field	RadialDamageData	checkForCover	-	-	boolean	nil	-	-	dispatch_metadata	Packet-local value	STOCK_BYTECODE	CONFIRMED	WF-STOCK-BARD-BOXLOOP	Stock Mallet sets true.
field	RadialDamageData	staticCoverOnly	-	-	boolean	nil	-	-	dispatch_metadata	Packet-local value	STOCK_BYTECODE	CONFIRMED	WF-STOCK-BARD-BOXLOOP	Stock Mallet sets true.
field	RadialDamageData	fallOff	-	-	number	nil	-	-	dispatch_metadata	Packet-local value	STOCK_BYTECODE	CONFIRMED	WF-STOCK-BARD-BOXLOOP	Stock Mallet sets zero in the inspected path.
method	EngineObject	GetCreator	0	0	-	unknown_object_ref	-	-	local_safe; result_borrows_engine_state	No ownership transfer proven; orphan/nil case unseen	STOCK_BYTECODE	CONFIRMED	WF-R5-CALLSHAPE-CORPUS;WF-R5-DIFFERENTIAL-V3	ZERO explicit arguments at every rendered corpus site (receiver excluded). Object-like/reference behavior proven (member calls and field reads on the result). Exact native type unresolved; nil-orphan behavior unresolved.
method	Ability	GetUniquePowerIdentifier	0	0	-	opaque	-	-	local_safe	Unknown	STOCK_BYTECODE	CONFIRMED	WF-R5-CALLSHAPE-CORPUS;WF-R5-DIFFERENTIAL-V3	ZERO explicit arguments. Opaque pass-through value only: no corpus site lengthens, concatenates, or decomposes it. Earlier string/lengthable claims RETRACTED in R5 v3; exact native type unknown.
method	AvatarOrEntity	GetAllAttachments	1	1	filter:opaque	list_like_table	-	-	local_safe	Snapshot semantics unproven	STOCK_BYTECODE	CONFIRMED	WF-R5-CALLSHAPE-CORPUS;WF-R5-DIFFERENTIAL-V3	Exactly ONE explicit argument at ALL 190 rendered corpus sites (zero zero-arg sites). Iterable/list-like result proven by generic-for and ipairs consumption; element type UNRESOLVED; filter semantics UNRESOLVED; nil-versus-empty UNRESOLVED.
method	AvatarOrEntity	DistanceToPoint	1	1	point_or_ref:opaque	number_luau_facing	-	-	local_safe	No side effects observed	STOCK_BYTECODE	CONFIRMED	WF-R5-CALLSHAPE-CORPUS;WF-R5-NUMERIC-EVIDENCE;WF-R5-DIFFERENTIAL-V3	Exactly ONE explicit point/reference argument (not two numbers). Luau-facing NUMBER proven by ordered-comparison sites (NullStar <=), literal-threshold comparisons, and numeric-context feeds (Vector Z). Exact C++ scalar width/type unresolved.
method	InventoryOrAvatar	GetWeaponInSlot	1	1	slot:identifier	unknown	-	-	borrowed_reference_hypothesis	Miss/nil behavior UNPROVEN	STOCK_BYTECODE	UNRESOLVED	WF-R5-CALLSHAPE-CORPUS	Observed one-explicit-argument shape retained. Mock object-or-nil behavior is NOT promoted to native truth: return type and miss behavior remain unresolved pending independent stock/native/live evidence.
method	Region	GetLocalPlayerAvatar	0	0	-	Avatar_ref_or_null_unresolved	-	-	local_client_read	Borrowed engine-owned avatar reference; reacquire after avatar or region lifecycle changes	LIVE_CONFIRMED	CONFIRMED	WF-STOCK-GRAVITY-PAIR-CENSUS;WF-LIVE-OCTAVIA-FLOAT-2026-08-27	ZERO explicit arguments. Live use returned the current Octavia avatar. Exact concrete avatar subtype and behavior when no local avatar exists remain unresolved; guard with IsNull before dereference.
method	Avatar	AddGravityMultiplier	3	3	key:symbol_or_power_identifier; multiplier:number; duration:number	unknown_ignored	-	-	local_avatar_state; multiplayer_replication_unresolved	Keyed modifier persists through the tested interval; stock and live use -1 until matching-key removal	LIVE_CONFIRMED	CONFIRMED	WF-STOCK-GRAVITY-PAIR-CENSUS;WF-LIVE-OCTAVIA-FLOAT-2026-08-27	Exactly THREE explicit arguments. Stock and live evidence confirm that multiplier 0 with duration -1 produces persistent zero gravity. Nonzero multiplier behavior, duration units, other negative durations, and the full accepted key-type family are unresolved.
method	Avatar	RemoveGravityMultiplier	1	1	key:symbol_or_power_identifier	unknown_ignored	-	-	local_avatar_state; multiplayer_replication_unresolved	Removes the gravity modifier associated with the matching key	LIVE_CONFIRMED	CONFIRMED	WF-STOCK-GRAVITY-PAIR-CENSUS;WF-LIVE-OCTAVIA-FLOAT-2026-08-27	Exactly ONE source-visible argument. Use the same key passed to AddGravityMultiplier. Encoded open-argument sites do not establish another source-level overload; return value is unobserved.
method	UIMovie	PushChildMovie	1	1	movie_resource:resource_ref	UIMovie_ref_or_null	-	-	ui_child_creation	Borrowed engine-owned movie; close it on setup failure or through the UI lifecycle	LIVE_CONFIRMED	CONFIRMED	WF-STOCK-GENERIC-SETTINGS-UI-2026-08-27	Exactly ONE explicit movie-resource argument in the stock TopMenu/LotusUtilities Generic Settings paths and the live-accepted RENOVICE bridge. The result is null-checked before use. Exact native ownership and failure reasons remain unresolved.
method	UIMovie	Execute	2	2	exported_function:string; value:string_or_callback_name	unknown_ignored	-	-	ui_movie_dispatch	No ownership transfer proven	LIVE_CONFIRMED	CONFIRMED	WF-STOCK-GENERIC-SETTINGS-UI-2026-08-27	The preserved bridge uses exactly TWO explicit arguments for Generic Settings setters, matching the inspected stock UI paths. This contract covers that two-argument form only; other Execute overloads remain unresolved.
method	UIMovie	Close	0	0	-	unknown_ignored	-	-	ui_child_lifecycle	Invalidates or begins closing the borrowed child movie	LIVE_CONFIRMED	CONFIRMED	WF-STOCK-GENERIC-SETTINGS-UI-2026-08-27	ZERO explicit arguments in the inspected stock and RENOVICE failure-cleanup paths. Timing of final destruction and repeated-close behavior remain unresolved.
method	SecondaryScriptArgs	HasArgs	0	0	-	boolean	-	-	local_read	Borrowed engine-owned argument container; no ownership transfer	STOCK_BYTECODE	CONFIRMED	WF-ABILITY-BEHAVIOR-246-2026-09-08	The pinned census has 62 zero-explicit-argument, one-result sites and every result is consumed as a boolean branch. The synchronized ability map resolves 55 of 56 receivers to SecondaryScriptArgs; the remaining site preserves the same construction/value flow but lacks a rendered receiver label.
method	InputControl	EnableJump	1	1	enabled:boolean	nil	-	-	local_input_state	Borrowed engine-owned InputControl; reacquire after avatar lifecycle changes	STOCK_BYTECODE	CONFIRMED	WF-ABILITY-BEHAVIOR-246-2026-09-08	The pinned census has 60 one-explicit-argument, zero-result sites. All 57 synchronized ability-corpus receivers resolve to InputControl; 55 pass literal booleans and two pass a parameter also used through boolean negation.
method	InputControl	EnableCrouch	1	1	enabled:boolean	nil	-	-	local_input_state	Borrowed engine-owned InputControl; reacquire after avatar lifecycle changes	STOCK_BYTECODE	CONFIRMED	WF-ABILITY-BEHAVIOR-246-2026-09-08	The pinned census has 54 one-explicit-argument, zero-result sites. All 50 synchronized ability-corpus receivers resolve to InputControl; 48 pass literal booleans and two pass a parameter also used through boolean negation.
method	MotionControl	SetForceWalk	1	1	enabled:boolean	nil	-	-	local_motion_state	Borrowed engine-owned MotionControl; reacquire after avatar lifecycle changes	STOCK_BYTECODE	CONFIRMED	WF-ABILITY-BEHAVIOR-246-2026-09-08	The pinned census has 10 one-explicit-argument, zero-result method sites. All 11 synchronized ability method calls resolve to MotionControl and preserve literal or boolean-flow arguments; one separate global-function call with the same text is excluded.
method	InputControl	SetStopMovement	1	1	stopped:boolean	nil	-	-	local_input_state	Borrowed engine-owned InputControl; reacquire after avatar lifecycle changes	STOCK_BYTECODE	CONFIRMED	WF-ABILITY-BEHAVIOR-246-2026-09-08	The pinned census has seven one-explicit-argument, zero-result sites. All five synchronized ability-corpus receivers resolve to InputControl and pass literal booleans. Runtime transition timing is not live-proven.
method	InventoryControl	SetWeaponsEnabled	1	1	enabled:boolean	nil	-	-	local_inventory_state	Borrowed engine-owned InventoryControl; reacquire after avatar or loadout lifecycle changes	STOCK_BYTECODE	CONFIRMED	WF-ABILITY-BEHAVIOR-246-2026-09-08	The pinned census and synchronized ability corpus each have 10 one-explicit-argument, zero-result sites. All synchronized receivers resolve to InventoryControl; nine calls pass literal booleans and one passes the same boolean flow used by adjacent movement toggles.
method	PowerSuit	SetAbilitiesEnabled	1	1	enabled:boolean	nil	-	-	local_suit_state	Borrowed engine-owned PowerSuit; reacquire after suit or avatar lifecycle changes	STOCK_BYTECODE	CONFIRMED	WF-ABILITY-BEHAVIOR-246-2026-09-08	The pinned census has 12 one-explicit-argument, zero-result sites. All 11 synchronized ability-corpus receivers resolve to PowerSuit and every argument is a literal boolean.
method	DamageControl	RemoveAllProcs	0	0	-	nil	-	-	authoritative_write_expected; multiplayer_not_verified	Borrowed engine-owned DamageControl; reacquire after avatar lifecycle changes	STOCK_BYTECODE	CONFIRMED	WF-ABILITY-BEHAVIOR-246-2026-09-08	The pinned census has 32 zero-explicit-argument, zero-result sites. In the synchronized ability corpus, 29 of 30 receivers resolve directly to DamageControl and the remaining frame value is assigned from DamageControl before use. Which proc classes are removed and replication behavior remain unresolved.
method	GameRules	GetMission	0	0	-	MissionDescriptor	-	-	local_read	Borrowed mission descriptor owned by the current game rules; consume fields during the current mission lifecycle	STOCK_BYTECODE	CONFIRMED	WF-MISSION-TIMER-OWNER-CALLS-2026-09-09	Sixty-one sites across exact Mobile Defense, Territory, and Excavation modules use zero explicit arguments and one closed result. Mobile Defense prototype 22 instruction 118 reads difficulty and maxWaveNum from the result, and the target addon reuses the same game-rules receiver observed at instruction 139. Exact native descriptor class and behavior outside an active mission remain unresolved.
