evidence_id	kind	result	source	observed	limitations
WF-STOCK-CALENDAR-CALLBACK	stock_bytecode	TRUE	RESEARCH/MALLET DAMAGE CALLBACK RE/FINDINGS.md	Calendar Explode constructs RadialDamageData, installs a two-parameter closure with SetDamageCallback, then dispatches that packet with RadialDamage.	The stock closure does not read its parameters, so it proves callback arity but not parameter types.
WF-NATIVE-SETDAMAGECALLBACK-RVA	native_binding	TRUE	RESEARCH/MALLET DAMAGE CALLBACK RE/FINDINGS.md	The inspected native binding reads Lua argument 2 as the callback handle and stores it in the RadialDamageData object at offset +0xe4.	This proves callback installation, not the runtime types supplied to the callback.
WF-STOCK-BARD-BOXLOOP	stock_bytecode	TRUE	stage/live_candidates/2026-08-23_mallet_radial_numeric_callback_overguard_threat5/BardMusic_mallet_radial_numeric_callback_og10_cap15k_threat5.luau:2429	Recovered stock BoxLoop packet construction and RadialDamage dispatch order. The exact creator ability is passed to SetSourceObject, calls GetAvatarOwner with zero explicit arguments to recover the caster, and invokes ActivateSecondaryScript with the SetThreatLevel symbol and a float argument.	Readable source is reconstructed; API call order is also present in the underlying bytecode evidence. GetAvatarOwner null behavior and multiplayer authority remain unresolved.
WF-LIVE-MALLET-2026-08-23	live_private_server	TRUE	RESEARCH/DE LUAU TRANSLATOR/LIVE INTENTIONAL EDITS/mallet_reflected_overguard_threat5_2026-08-23.md	User confirmed the corrected Octavia Mallet behavior works in game: normal Mallet behavior, fixed threat, and numeric outgoing radial callback Overguard edit.	Controlled private-server gameplay confirmation; multiplayer authority and replication were not separately tested. Exact concrete type of callback argument 1 remains unknown.
WF-CERT-RADIAL-CALLBACK	offline_differential	TRUE	cert/warframe_api/src/wf_radial_numeric_damage_callback.luau	Known-source regression exercises multiple numeric callback values, non-positive filtering, stateful Overguard updates, cap behavior, and notification argument order.	This protects compiler/decompiler handling; mocks alone do not define the real engine API.
WF-CENSUS3-V5	bytecode_corpus	TRUE	../RESEARCH/DE LUAU TRANSLATOR/NATIVE API AND LIVE CANDIDATE CENSUS/result_consumption_sites.tsv	Audited census contains exactly 55,709 NAMECALL plus CALL sites across 286 modules; CFG failures and truncations are zero and forward/reverse scheduling outputs are byte-identical.	Proves names, hashes, observed encoded call/result widths, prevalence, and consumption. It does not by itself prove receiver classes, native object lifetimes, exact return types, or every overload.
WF-LIVE-MALLET-EXACT-PIPELINE-2026-08-25	live_private_server	TRUE	../Boostrapper Source Edited/RENOVICE_DEPLOYMENTS/MALLET_EXACT_PIPELINE_TRACE_2026-08-25/MANIFEST.md	The target-addon ability matcher, exact current _T generation binding, 350 damage-handler dispatches, 11 positive Overguard writes, and matching native card rows were observed in one live private client.	Confirms the inspected Mallet target and private owner path. It does not certify multiplayer authority, other abilities, or selector 10 as a universal Strength enum.
WF-R5-CALLSHAPE-CORPUS	stock_bytecode	TRUE	RESEARCH/DE LUAU TRANSLATOR/NATIVE API AND LIVE CANDIDATE CENSUS/ROUND5_NATIVE_API_CONTRACTS/results/native_api_contracts.tsv	Round-5 audit of rendered stock corpus sources: explicit-argument counts (receiver excluded) per method - GetCreator 0 args everywhere, GetUniquePowerIdentifier 0 args, GetAllAttachments exactly 1 filter arg at all 190 rendered sites (zero zero-arg sites), DistanceToPoint exactly 1 point/ref arg (not two numbers), GetWeaponInSlot 1 slot arg.	Proves observed call shapes and consumption classes only. It proves no native return type, nilability, or side effects.
WF-R5-DIFFERENTIAL-V3	offline_differential	TRUE	RESEARCH/DE LUAU TRANSLATOR/NATIVE API AND LIVE CANDIDATE CENSUS/ROUND5_NATIVE_API_CONTRACTS/ROUND5_REPORT.md	Mandatory A/B/C differential (original bytecode vs rebuilt vs re-render) over 16 input states x both exported fixture functions: pass=32, divergent=0, vacuous=0, errors=0, exit 0. Protects translator handling of these call shapes under a typed mock.	Mocks alone do not define the real engine API; offline_fixture-grade translator evidence only.
WF-R5-NUMERIC-EVIDENCE	stock_bytecode	TRUE	RESEARCH/DE LUAU TRANSLATOR/NATIVE API AND LIVE CANDIDATE CENSUS/ROUND5_NATIVE_API_CONTRACTS/results/native_api_contracts.tsv	DistanceToPoint numeric-return evidence classes in stock rendered sources: NullStar orders two results with <=; literal-threshold comparisons (LastStand if c567v3 < c567v9; SonicEarthQuake c375v11 <= c375v0); results stored beside numeric constants (NovaDrop 2/100); one result feeds Vector(0,0,z). A boolean satisfies none of these.	Establishes Luau-facing number only. Exact C++ scalar width/type remains unresolved from bytecode.
WF-STOCK-GRAVITY-PAIR-CENSUS	stock_bytecode	TRUE	RESEARCH/WARFRAME NATIVE API CONTRACTS/2026-08-27_GRAVITY_LIFECYCLE_LIVE_CONTRACT.md	The audited corpus has GetLocalPlayerAvatar at 39 sites/32 modules with zero explicit arguments, AddGravityMultiplier at 11 sites/11 modules with three explicit arguments, and RemoveGravityMultiplier at 18 sites/11 modules with one source-visible argument. Stock Berserker code performs AddGravityMultiplier(identifier, 0, -1) and later RemoveGravityMultiplier(identifier).	Return values are unused. Exact key-type family, nonzero multiplier semantics, duration units, replication, and absent-local-avatar behavior are not established by call shape alone.
WF-LIVE-OCTAVIA-FLOAT-2026-08-27	live_private_server	TRUE	RESEARCH/WARFRAME NATIVE API CONTRACTS/2026-08-27_GRAVITY_LIFECYCLE_LIVE_CONTRACT.md	A managed addon obtained the local avatar, applied a Symbol-keyed zero-gravity modifier with arguments 0 and -1, and the user confirmed Octavia floated. Removing the addon through a committed F9 generation invoked the paired cleanup path; the temporary live artifact was then deleted.	Single local private-client test. Multiplayer authority and replication, exact native return values, unavailable-avatar behavior, duration units, and the complete accepted key-type set remain unresolved.
WF-STOCK-GENERIC-SETTINGS-UI-2026-08-27	stock_bytecode_and_live_private_client	TRUE	../../runtime/bootstrapper-runtime/RENOVICE_SCRIPTING/RESEARCH/GENERIC_SETTINGS_NATIVE_DISPATCH_MAP_2026-08-27/FINDINGS.md	Current TopMenu and LotusUtilities bytecode use NAMECALL PushChildMovie(resource), Execute(exportedFunction,value), and Close() for child UI movies. The RENOVICE Generic Settings bridge uses the same call shapes, and the user live-accepted opening, native checkbox rows, CONFIRM persistence, and actual script switching.	Confirms only the observed Generic Settings call shapes and live use. It does not establish every Execute overload, exact C++ ownership, destruction timing, or behavior for invalid resources or repeated Close calls.
WF-LIVE-MALLET-CALLBACK-TARGET-2026-09-08	live_private_server	TRUE	../../runtime/bootstrapper-runtime/RENOVICE_DEPLOYMENTS/MALLET_CALLBACK_OBJECT_IDENTITY_V51_2026-09-08/evidence/identity_analysis.v51.pid33280.txt	V51 captured 45 positive Mallet callbacks. Every callback argument 1 unwrapped to a RifleLancerAvatar engine object; changing Lua userdata wrappers retained one object identity for 22 callbacks, then a later target sequence used a second object identity. The source ability remained one OctaviaPrime ability object.	Proves the first callback value is a callback-local damaged AvatarOrEntity in this live path. Retention after callback, every damage producer, and multiplayer authority remain unproven. RadialDamageData packet userdata did not use the engine Object wrapper layout.
WF-LIVE-MALLET-CALLBACK-ISDEAD-NIL-2026-09-08	live_private_server	TRUE	../../runtime/bootstrapper-runtime/RENOVICE_DEPLOYMENTS/MALLET_KILLED_VICTIM_FILTER_V53_2026-09-08/evidence/v52-failed-no-overguard.pid30840.log	V52 attached successfully and received 16 positive callbacks whose argument 1 unwrapped to RifleLancerAvatar. All 16 afterDamage calls failed before Overguard with pcall error attempt to call nil method; all 16 dispatches ended in dispatch.error and none reached dispatch.return.	The underlying native object type does not prove that this callback's Lua userdata metatable exposes every ordinary Avatar method. IsDead is absent on the tested wrapper. V52 was rolled back to the exact V50 addon.
WF-ABILITY-BEHAVIOR-246-2026-09-08	stock_bytecode	TRUE	RESEARCH/WARFRAME NATIVE API CONTRACTS/2026-09-08_ABILITY_BEHAVIOR_246_AND_API_225.md	The hash-pinned builder verified 248 of 248 catalog entries over 246 of 246 unique stock body modules, bound every declared entry export to one exact prototype, and recorded 88,869 instruction-addressed callsites. Two cached builds compared 2,217 generated files with zero byte changes. Focus audits established receiver and argument/result evidence for eight promoted stock contracts.	Proves stock call identity, arity, result width, synchronized renderer value flow, and the documented receiver/type observations. It does not prove gameplay effect timing, multiplayer authority, replication, native ownership beyond the recorded lifetime boundary, or transitive helper execution.
WF-MISSION-TIMER-OWNER-CALLS-2026-09-09	stock_bytecode	TRUE	../../apps/ability-editor/RESEARCH/MISSION_TIMER_TARGET_ADDONS_2026-09-09.md	Exact call maps contain 61 GetMission sites across Mobile Defense, Territory, and Excavation: every site has zero explicit arguments, one closed result, and no open argument or result width. Mobile Defense prototype 22 instruction 118 reads difficulty and maxWaveNum from that result; instruction 139 calls GetNetPersistentVar on the same game-rules receiver.	This proves the source-visible method shape and the mission fields consumed by the exact timer path. It does not prove the native descriptor class, ownership after the mission lifecycle, or behavior when no mission is active.
