hypothesis	result	evidence_id	consequence
SetDamageCallback callback argument 2 is a DamageData object	FALSE	WF-LIVE-MALLET-2026-08-23	Treat argument 2 as a number. Calling GetHealthDamage, GetShieldDamage, or GetOverguardDamage on it caused repeated live runtime errors.
The scalar passed to RadialDamageData:SetBaseAmount equals actual applied victim damage	FALSE	WF-LIVE-MALLET-2026-08-23	SetBaseAmount is configured before victim resolution. Use the numeric SetDamageCallback result when an actual per-target result is required.
A Lua FindAll snapshot around the Mallet center reproduces RadialDamage victim selection	FALSE	WF-LIVE-MALLET-2026-08-23	The approximation missed outer-ring ranged victims and appeared melee-only. Let Region:RadialDamage own selection.
A latest DamageControl record is a stable mutable object that can be retained across hits	FALSE	WF-LIVE-MALLET-2026-08-23	Reacquire engine-owned state when needed; do not assume Lua wrapper identity persists across events.
The first SetDamageCallback callback argument must remain typed unknown	FALSE	WF-LIVE-MALLET-CALLBACK-TARGET-2026-09-08	Type it as the callback-local damaged AvatarOrEntity. V51 unwrapped 45 live values to two RifleLancerAvatar engine objects while the source ability identity stayed fixed.
SetOverguardAmount adds to the existing pool	FALSE	WF-LIVE-MALLET-2026-08-23	It is used as an absolute setter. Read current value, compute the new absolute value, and pass only the positive delta to NotifyOverguardGain.
An underlying Avatar engine-object identity guarantees the callback userdata exposes the complete Avatar Lua method table	FALSE	WF-LIVE-MALLET-CALLBACK-ISDEAD-NIL-2026-09-08	V52 proved callbackTarget:IsDead() resolves to nil on this exact wrapper and aborts afterDamage. Probe individual methods fail-open or use a separately proven native state boundary.
A lexical method name or behavior-family label proves the engine's gameplay semantics	FALSE	WF-ABILITY-BEHAVIOR-246-2026-09-08	Treat lexical families and names as discovery aids. Promote parameter meanings, effects, authority, and lifetime only from separate stock value flow, native binding, or live evidence.
An exact direct callsite list proves that every transitive helper behavior runs from an exported ability entry	FALSE	WF-ABILITY-BEHAVIOR-246-2026-09-08	Direct prototype membership is exact, but transitive execution requires a separately verified call graph and runtime conditions. Do not present direct calls as a complete execution trace.
