schema_version	generator	id	kind	owner	name	hash	min_args	max_args	observed_args	observed_open_args	parameters	returns	confidence	status	evidence	source_kinds	sites	modules	prototypes	native_function_ids	native_type_ids
1	RENOVICE_SEMANTIC_SDK_V1	lua:field:RadialDamageData:checkForCover	field	RadialDamageData	checkForCover					false	value:boolean	nil	STOCK_BYTECODE	CONFIRMED	WF-STOCK-BARD-BOXLOOP	DEEP_CONTRACT					
1	RENOVICE_SEMANTIC_SDK_V1	lua:field:RadialDamageData:fallOff	field	RadialDamageData	fallOff					false	value:number	nil	STOCK_BYTECODE	CONFIRMED	WF-STOCK-BARD-BOXLOOP	DEEP_CONTRACT					
1	RENOVICE_SEMANTIC_SDK_V1	lua:field:RadialDamageData:horizontalImpulse	field	RadialDamageData	horizontalImpulse					false	value:number	nil	STOCK_BYTECODE	CONFIRMED	WF-STOCK-BARD-BOXLOOP	DEEP_CONTRACT					
1	RENOVICE_SEMANTIC_SDK_V1	lua:field:RadialDamageData:ignoreEntity	field	RadialDamageData	ignoreEntity					false	value:Entity	nil	STOCK_BYTECODE	CONFIRMED	WF-STOCK-BARD-BOXLOOP	DEEP_CONTRACT					
1	RENOVICE_SEMANTIC_SDK_V1	lua:field:RadialDamageData:radius	field	RadialDamageData	radius					false	value:number	nil	STOCK_BYTECODE	CONFIRMED	WF-STOCK-BARD-BOXLOOP	DEEP_CONTRACT					
1	RENOVICE_SEMANTIC_SDK_V1	lua:field:RadialDamageData:staticCoverOnly	field	RadialDamageData	staticCoverOnly					false	value:boolean	nil	STOCK_BYTECODE	CONFIRMED	WF-STOCK-BARD-BOXLOOP	DEEP_CONTRACT					
1	RENOVICE_SEMANTIC_SDK_V1	lua:field:RadialDamageData:verticalImpulse	field	RadialDamageData	verticalImpulse					false	value:number	nil	STOCK_BYTECODE	CONFIRMED	WF-STOCK-BARD-BOXLOOP	DEEP_CONTRACT					
1	RENOVICE_SEMANTIC_SDK_V1	lua:global_function:Engine:RadialDamageData	global_function	Engine	RadialDamageData		0	0		false		RadialDamageData	STOCK_BYTECODE	CONFIRMED	WF-LIVE-MALLET-2026-08-23;WF-STOCK-BARD-BOXLOOP;WF-STOCK-CALENDAR-CALLBACK	CORPUS_CATALOG;DEEP_CONTRACT	0	0	0		
1	RENOVICE_SEMANTIC_SDK_V1	lua:global_function:Engine:UpgradedValue	global_function	Engine	UpgradedValue		1	1		false	base:number	UpgradedValue	STOCK_BYTECODE	CONFIRMED	WF-STOCK-BARD-BOXLOOP	CORPUS_CATALOG;DEEP_CONTRACT	0	0	0		
1	RENOVICE_SEMANTIC_SDK_V1	lua:global_function:Lotus_Game:IsTimerBuff	global_function	Lotus_Game	IsTimerBuff		1	1		false	buffType:number	boolean	STOCK_BYTECODE	CONFIRMED	WF-STOCK-UNIVERSAL-HUD-BUFFS-2026-09-15	DEEP_CONTRACT					
1	RENOVICE_SEMANTIC_SDK_V1	lua:global_function:_GLOBAL:IsNull	global_function	_GLOBAL	IsNull		1	1		false	value:any	boolean	STOCK_BYTECODE	CONFIRMED	WF-STOCK-BARD-BOXLOOP	CORPUS_CATALOG;DEEP_CONTRACT	0	0	0		
1	RENOVICE_SEMANTIC_SDK_V1	lua:global_function:_GLOBAL:WeakResource	global_function	_GLOBAL	WeakResource		1	1		false	type:Type	ResourceOrNil	STOCK_BYTECODE	CONFIRMED	WF-STOCK-UNIVERSAL-HUD-BUFFS-2026-09-15	DEEP_CONTRACT					
1	RENOVICE_SEMANTIC_SDK_V1	lua:method:Ability:GetAbilityLevel	method	Ability	GetAbilityLevel	0xc6306187	1	1	1	true		number	OBSERVED_VARIABLE_OR_OPEN	CATALOG_ONLY		CORPUS_CATALOG	165	115	165		
1	RENOVICE_SEMANTIC_SDK_V1	lua:method:Ability:GetActivationCount	method	Ability	GetActivationCount	0x169b9c4c	0	0	0	false		number	OBSERVED_STABLE_SHAPE	CATALOG_ONLY		CORPUS_CATALOG	47	24	26		
1	RENOVICE_SEMANTIC_SDK_V1	lua:method:Ability:GetActivationEnergyCost	method	Ability	GetActivationEnergyCost	0x1df256cf	0	2	0;1;2	false		number	OBSERVED_VARIABLE_OR_OPEN	CATALOG_ONLY		CORPUS_CATALOG	169	109	158		
1	RENOVICE_SEMANTIC_SDK_V1	lua:method:Ability:GetAvatarOwner	method	Ability	GetAvatarOwner		0	0		false		Avatar_ref_or_null_unresolved	STOCK_BYTECODE	CONFIRMED	WF-STOCK-BARD-BOXLOOP	DEEP_CONTRACT					
1	RENOVICE_SEMANTIC_SDK_V1	lua:method:Ability:GetLocalizeTag	method	Ability	GetLocalizeTag		0	0		false		LocalizeTag	LIVE_CONFIRMED	CONFIRMED	WF-LIVE-MALLET-EXACT-PIPELINE-2026-08-25	DEEP_CONTRACT					
1	RENOVICE_SEMANTIC_SDK_V1	lua:method:Ability:GetUniquePowerIdentifier	method	Ability	GetUniquePowerIdentifier	0x5c2be301	0	0	0	false		opaque	STOCK_BYTECODE	CONFIRMED	WF-R5-CALLSHAPE-CORPUS;WF-R5-DIFFERENTIAL-V3	CORPUS_CATALOG;DEEP_CONTRACT	289	127	261		
1	RENOVICE_SEMANTIC_SDK_V1	lua:method:Ability:IsAbilityHeld	method	Ability	IsAbilityHeld	0x48532cca	1	1	1	true		boolean	OBSERVED_VARIABLE_OR_OPEN	CATALOG_ONLY		CORPUS_CATALOG	116	62	103		
1	RENOVICE_SEMANTIC_SDK_V1	lua:method:Ability:IsDeactivating	method	Ability	IsDeactivating	0x13be0dfe	0	0	0	false		boolean	OBSERVED_STABLE_SHAPE	CATALOG_ONLY		CORPUS_CATALOG	38	27	35		
1	RENOVICE_SEMANTIC_SDK_V1	lua:method:AbilityOrEngineObject:GetActiveImpactBehavior	method	AbilityOrEngineObject	GetActiveImpactBehavior	0x8e7cb520	0	0	0	false		opaque	OBSERVED_STABLE_SHAPE	CATALOG_ONLY		CORPUS_CATALOG	34	20	29		
1	RENOVICE_SEMANTIC_SDK_V1	lua:method:AbilityOrEngineObject:GetImpactBehavior	method	AbilityOrEngineObject	GetImpactBehavior	0xe829a123	1	1	1	false		opaque	OBSERVED_STABLE_SHAPE	CATALOG_ONLY		CORPUS_CATALOG	34	19	27		
1	RENOVICE_SEMANTIC_SDK_V1	lua:method:AbilityOrEngineObject:IsActive	method	AbilityOrEngineObject	IsActive	0x6b682b69	0	0	0	false		boolean	OBSERVED_STABLE_SHAPE	CATALOG_ONLY		CORPUS_CATALOG	230	106	203		
1	RENOVICE_SEMANTIC_SDK_V1	lua:method:AbilityOrPowerSuit:GetAbilityIndex	method	AbilityOrPowerSuit	GetAbilityIndex	0x38c5d52f	1	1	1	false		number	OBSERVED_STABLE_ARGS	CATALOG_ONLY		CORPUS_CATALOG	129	75	124		
1	RENOVICE_SEMANTIC_SDK_V1	lua:method:AbilityOwner:IsAbilityActivationBlocked	method	AbilityOwner	IsAbilityActivationBlocked	0xb879990b	0	0	0	false		boolean	OBSERVED_STABLE_SHAPE	CATALOG_ONLY		CORPUS_CATALOG	210	135	177		
1	RENOVICE_SEMANTIC_SDK_V1	lua:method:AbilityOwner:IsEvaluating	method	AbilityOwner	IsEvaluating	0xc78d3c0b	0	0	0	false		boolean	OBSERVED_STABLE_SHAPE	CATALOG_ONLY		CORPUS_CATALOG	57	51	53		
1	RENOVICE_SEMANTIC_SDK_V1	lua:method:AgentOrAbility:ClearTarget	method	AgentOrAbility	ClearTarget	0x97218693	0	0	0	false		ignored	OBSERVED_STABLE_SHAPE	CATALOG_ONLY		CORPUS_CATALOG	15	12	13		
1	RENOVICE_SEMANTIC_SDK_V1	lua:method:AgentOrAbility:GetTarget	method	AgentOrAbility	GetTarget	0xe923f5fc	0	0	0	false		Entity	OBSERVED_STABLE_ARGS	CATALOG_ONLY		CORPUS_CATALOG	154	136	150		
1	RENOVICE_SEMANTIC_SDK_V1	lua:method:AgentOrAbility:SetTarget	method	AgentOrAbility	SetTarget	0x73ba4660	1	1	1	false		ignored	OBSERVED_STABLE_SHAPE	CATALOG_ONLY		CORPUS_CATALOG	26	22	25		
1	RENOVICE_SEMANTIC_SDK_V1	lua:method:AgentOrAvatar:IsAlerted	method	AgentOrAvatar	IsAlerted	0x2f969efd	0	0	0	false		boolean	OBSERVED_STABLE_SHAPE	CATALOG_ONLY		CORPUS_CATALOG	55	52	54		
1	RENOVICE_SEMANTIC_SDK_V1	lua:method:AgentOrEngineObject:GetAvatar	method	AgentOrEngineObject	GetAvatar	0xcf1b1ad7	0	0	0	false		Avatar	OBSERVED_STABLE_ARGS	CATALOG_ONLY		CORPUS_CATALOG	89	46	63		
1	RENOVICE_SEMANTIC_SDK_V1	lua:method:AgentOrEntity:GetAgent	method	AgentOrEntity	GetAgent	0x100e6baf	0	0	0	false		Agent	OBSERVED_STABLE_ARGS	CATALOG_ONLY		CORPUS_CATALOG	461	224	361		
1	RENOVICE_SEMANTIC_SDK_V1	lua:method:AnimationOrEvent:GetEventTime	method	AnimationOrEvent	GetEventTime	0x0d9e16af	1	1	1	true		number	OBSERVED_VARIABLE_OR_OPEN	CATALOG_ONLY		CORPUS_CATALOG	90	49	57		
1	RENOVICE_SEMANTIC_SDK_V1	lua:method:AttachmentOrEntity:GetAttachParent	method	AttachmentOrEntity	GetAttachParent	0xef72689f	0	0	0	false		Entity	OBSERVED_STABLE_ARGS	CATALOG_ONLY		CORPUS_CATALOG	147	71	118		
1	RENOVICE_SEMANTIC_SDK_V1	lua:method:AttachmentOrEntity:IsAttached	method	AttachmentOrEntity	IsAttached	0x4b4ddfa2	0	0	0	false		boolean	OBSERVED_STABLE_SHAPE	CATALOG_ONLY		CORPUS_CATALOG	11	8	9		
1	RENOVICE_SEMANTIC_SDK_V1	lua:method:Avatar:ActivateSecondaryScript	method	Avatar	ActivateSecondaryScript	0x28e4961e	3	3	3	true		ignored	OBSERVED_VARIABLE_OR_OPEN	CATALOG_ONLY		CORPUS_CATALOG	126	69	108		
1	RENOVICE_SEMANTIC_SDK_V1	lua:method:Avatar:ActivateSecondaryScriptEx	method	Avatar	ActivateSecondaryScriptEx	0xa63f5284	3	3	3	true		ignored	OBSERVED_VARIABLE_OR_OPEN	CATALOG_ONLY		CORPUS_CATALOG	305	136	255		
1	RENOVICE_SEMANTIC_SDK_V1	lua:method:Avatar:AddGravityMultiplier	method	Avatar	AddGravityMultiplier	0xba9dd93e	3	3	3	false	key:symbol_or_power_identifier;multiplier:number;duration:number	unknown_ignored	LIVE_CONFIRMED	CONFIRMED	WF-LIVE-OCTAVIA-FLOAT-2026-08-27;WF-STOCK-GRAVITY-PAIR-CENSUS	CORPUS_CATALOG;DEEP_CONTRACT	11	11	11		
1	RENOVICE_SEMANTIC_SDK_V1	lua:method:Avatar:DamageControl	method	Avatar	DamageControl		0	0		false		DamageControl	LIVE_CONFIRMED	CONFIRMED	WF-LIVE-MALLET-2026-08-23;WF-STOCK-BARD-BOXLOOP	DEEP_CONTRACT					
1	RENOVICE_SEMANTIC_SDK_V1	lua:method:Avatar:GetAimPosition	method	Avatar	GetAimPosition	0x4cc8a020	0	0	0	false		Vector3	OBSERVED_STABLE_SHAPE	CATALOG_ONLY		CORPUS_CATALOG	22	20	21		
1	RENOVICE_SEMANTIC_SDK_V1	lua:method:Avatar:GetBuffNotifications	method	Avatar	GetBuffNotifications		0	0		false		tableOrNil	STOCK_BYTECODE	CONFIRMED	WF-NATIVE-HUD-EMPTY-LIST-2026-09-15;WF-STOCK-UNIVERSAL-HUD-BUFFS-2026-09-15	DEEP_CONTRACT					
1	RENOVICE_SEMANTIC_SDK_V1	lua:method:Avatar:GetPlayer	method	Avatar	GetPlayer	0xdecae99d	0	0	0	false		PlayerHandle|unknown	LIVE_CONFIRMED	CONFIRMED	WF-LIVE-MALLET-2026-08-23	CORPUS_CATALOG;DEEP_CONTRACT	158	77	123		
1	RENOVICE_SEMANTIC_SDK_V1	lua:method:Avatar:GetScriptBlackboard	method	Avatar	GetScriptBlackboard		0	0		false		table	STOCK_BYTECODE	CONFIRMED	WF-STOCK-AVATAR-SCRIPT-BLACKBOARD-2026-09-15	DEEP_CONTRACT					
1	RENOVICE_SEMANTIC_SDK_V1	lua:method:Avatar:GetSuit	method	Avatar	GetSuit	0x5f0ad094	0	0	0	false		PowerSuit	OBSERVED_STABLE_ARGS	CATALOG_ONLY		CORPUS_CATALOG	201	128	195		
1	RENOVICE_SEMANTIC_SDK_V1	lua:method:Avatar:GetVelocity	method	Avatar	GetVelocity		0	0		false		Vector3	STOCK_BYTECODE	CONFIRMED	WF-STOCK-AVATAR-VELOCITY-2026-09-15	DEEP_CONTRACT					
1	RENOVICE_SEMANTIC_SDK_V1	lua:method:Avatar:GetWeaponInHand	method	Avatar	GetWeaponInHand	0x5f4c1355	1	1	1	false		WeaponOrNil	OBSERVED_STABLE_ARGS	CATALOG_ONLY		CORPUS_CATALOG	82	49	71		
1	RENOVICE_SEMANTIC_SDK_V1	lua:method:Avatar:InputControl	method	Avatar	InputControl	0x437eb4a3	0	0	0	false		InputControl	OBSERVED_STABLE_ARGS	CATALOG_ONLY		CORPUS_CATALOG	127	54	100		
1	RENOVICE_SEMANTIC_SDK_V1	lua:method:Avatar:InventoryControl	method	Avatar	InventoryControl	0xfe86e074	0	0	0	false		InventoryControl	OBSERVED_STABLE_ARGS	CATALOG_ONLY		CORPUS_CATALOG	2252	285	1803		
1	RENOVICE_SEMANTIC_SDK_V1	lua:method:Avatar:NotifyOverguardGain	method	Avatar	NotifyOverguardGain	0x1f2735be	2	2	2	false	player:PlayerHandle|unknown;positive_delta:number	nil	LIVE_CONFIRMED	CONFIRMED	WF-LIVE-MALLET-2026-08-23	CORPUS_CATALOG;DEEP_CONTRACT	11	9	10		
1	RENOVICE_SEMANTIC_SDK_V1	lua:method:Avatar:RemoveGravityMultiplier	method	Avatar	RemoveGravityMultiplier		1	1		false	key:symbol_or_power_identifier	unknown_ignored	LIVE_CONFIRMED	CONFIRMED	WF-LIVE-OCTAVIA-FLOAT-2026-08-27;WF-STOCK-GRAVITY-PAIR-CENSUS	DEEP_CONTRACT					
1	RENOVICE_SEMANTIC_SDK_V1	lua:method:AvatarOrCamera:GetCameraView	method	AvatarOrCamera	GetCameraView	0x7df51c3f	0	0	0	false		CameraView	OBSERVED_STABLE_ARGS	CATALOG_ONLY		CORPUS_CATALOG	272	148	219		
1	RENOVICE_SEMANTIC_SDK_V1	lua:method:AvatarOrDamageControl:AddAbilityResistance	method	AvatarOrDamageControl	AddAbilityResistance	0x6f303fc7	2	2	2	false		ignored	OBSERVED_STABLE_SHAPE	CATALOG_ONLY		CORPUS_CATALOG	17	12	12		
1	RENOVICE_SEMANTIC_SDK_V1	lua:method:AvatarOrDamageControl:AddProcImmunity	method	AvatarOrDamageControl	AddProcImmunity	0x706ab784	2	2	2	false		ignored	OBSERVED_STABLE_SHAPE	CATALOG_ONLY		CORPUS_CATALOG	11	6	6		
1	RENOVICE_SEMANTIC_SDK_V1	lua:method:AvatarOrDamageControl:GetHealth	method	AvatarOrDamageControl	GetHealth	0x1de5188a	0	0	0	false		number	OBSERVED_STABLE_ARGS	CATALOG_ONLY		CORPUS_CATALOG	235	99	140		
1	RENOVICE_SEMANTIC_SDK_V1	lua:method:AvatarOrDamageControl:GetMaxHealth	method	AvatarOrDamageControl	GetMaxHealth	0x7ed4f0b9	0	1	0;1	false		number	OBSERVED_VARIABLE_OR_OPEN	CATALOG_ONLY		CORPUS_CATALOG	102	52	72		
1	RENOVICE_SEMANTIC_SDK_V1	lua:method:AvatarOrDamageControl:GetMaxShield	method	AvatarOrDamageControl	GetMaxShield	0x5fab8e64	0	1	0;1	false		number	OBSERVED_VARIABLE_OR_OPEN	CATALOG_ONLY		CORPUS_CATALOG	52	35	41		
1	RENOVICE_SEMANTIC_SDK_V1	lua:method:AvatarOrDamageControl:GetShield	method	AvatarOrDamageControl	GetShield	0x28fb0f29	0	0	0	false		number	OBSERVED_STABLE_SHAPE	CATALOG_ONLY		CORPUS_CATALOG	112	53	79		
1	RENOVICE_SEMANTIC_SDK_V1	lua:method:AvatarOrDamageControl:RemoveAbilityResistance	method	AvatarOrDamageControl	RemoveAbilityResistance	0xcb6feae1	2	2	2	false		ignored	OBSERVED_STABLE_SHAPE	CATALOG_ONLY		CORPUS_CATALOG	18	13	13		
1	RENOVICE_SEMANTIC_SDK_V1	lua:method:AvatarOrDamageControl:RemoveProcImmunity	method	AvatarOrDamageControl	RemoveProcImmunity	0x3f008c6b	2	2	2	false		ignored	OBSERVED_STABLE_SHAPE	CATALOG_ONLY		CORPUS_CATALOG	19	14	14		
1	RENOVICE_SEMANTIC_SDK_V1	lua:method:AvatarOrDamageControl:SetHealth	method	AvatarOrDamageControl	SetHealth	0xb18c04f6	1	2	1;2	true		ignored	OBSERVED_VARIABLE_OR_OPEN	CATALOG_ONLY		CORPUS_CATALOG	64	42	55		
1	RENOVICE_SEMANTIC_SDK_V1	lua:method:AvatarOrDamageControl:SetShield	method	AvatarOrDamageControl	SetShield	0xe7430197	1	2	1;2	true		ignored	OBSERVED_VARIABLE_OR_OPEN	CATALOG_ONLY		CORPUS_CATALOG	41	26	32		
1	RENOVICE_SEMANTIC_SDK_V1	lua:method:AvatarOrEntity:ApplyCustomization	method	AvatarOrEntity	ApplyCustomization	0x4af7c06f	1	1	1	false		ignored	OBSERVED_STABLE_SHAPE	CATALOG_ONLY		CORPUS_CATALOG	48	34	42		
1	RENOVICE_SEMANTIC_SDK_V1	lua:method:AvatarOrEntity:ApplyEnergyColor	method	AvatarOrEntity	ApplyEnergyColor	0xf62ae983	1	2	1;2	false		ignored	OBSERVED_VARIABLE_OR_OPEN	CATALOG_ONLY		CORPUS_CATALOG	56	35	40		
1	RENOVICE_SEMANTIC_SDK_V1	lua:method:AvatarOrEntity:CameraControl	method	AvatarOrEntity	CameraControl	0x17d160ca	0	0	0	false		CameraControl	OBSERVED_STABLE_SHAPE	CATALOG_ONLY		CORPUS_CATALOG	168	82	146		
1	RENOVICE_SEMANTIC_SDK_V1	lua:method:AvatarOrEntity:CanBeAffectedByAbilities	method	AvatarOrEntity	CanBeAffectedByAbilities	0x5794e1e3	1	1	1	false		boolean	OBSERVED_STABLE_SHAPE	CATALOG_ONLY		CORPUS_CATALOG	94	80	88		
1	RENOVICE_SEMANTIC_SDK_V1	lua:method:AvatarOrEntity:DamageControl	method	AvatarOrEntity	DamageControl	0x1ccc5489	0	0	0	false		DamageControl	DEEP_CONTRACT	CATALOG_ONLY		CORPUS_CATALOG	819	228	554		
1	RENOVICE_SEMANTIC_SDK_V1	lua:method:AvatarOrEntity:DamageDD	method	AvatarOrEntity	DamageDD	0xfde7d827	1	3	1;2;3	false		ignored	OBSERVED_VARIABLE_OR_OPEN	CATALOG_ONLY		CORPUS_CATALOG	274	152	209		
1	RENOVICE_SEMANTIC_SDK_V1	lua:method:AvatarOrEntity:DistanceToEntity	method	AvatarOrEntity	DistanceToEntity	0x74b75c53	1	1	1	false		number	OBSERVED_STABLE_SHAPE	CATALOG_ONLY		CORPUS_CATALOG	125	84	106		
1	RENOVICE_SEMANTIC_SDK_V1	lua:method:AvatarOrEntity:DistanceToPoint	method	AvatarOrEntity	DistanceToPoint	0x1b795d27	1	1	1	true	point_or_ref:opaque	number_luau_facing	STOCK_BYTECODE	CONFIRMED	WF-R5-CALLSHAPE-CORPUS;WF-R5-DIFFERENTIAL-V3;WF-R5-NUMERIC-EVIDENCE	CORPUS_CATALOG;DEEP_CONTRACT	101	59	75		
1	RENOVICE_SEMANTIC_SDK_V1	lua:method:AvatarOrEntity:EyePosition	method	AvatarOrEntity	EyePosition	0x649cbad1	0	0	0	false		Vector3	OBSERVED_STABLE_ARGS	CATALOG_ONLY		CORPUS_CATALOG	56	39	47		
1	RENOVICE_SEMANTIC_SDK_V1	lua:method:AvatarOrEntity:GetAllAttachments	method	AvatarOrEntity	GetAllAttachments	0x4e4ea80b	1	1	1	true	filter:opaque	list_like_table	STOCK_BYTECODE	CONFIRMED	WF-R5-CALLSHAPE-CORPUS;WF-R5-DIFFERENTIAL-V3	CORPUS_CATALOG;DEEP_CONTRACT	190	91	134		
1	RENOVICE_SEMANTIC_SDK_V1	lua:method:AvatarOrEntity:GetAttachment	method	AvatarOrEntity	GetAttachment	0xdc33cc11	1	1	1	true		AttachmentOrNil	OBSERVED_VARIABLE_OR_OPEN	CATALOG_ONLY		CORPUS_CATALOG	468	163	308		
1	RENOVICE_SEMANTIC_SDK_V1	lua:method:AvatarOrEntity:GetBonePosition	method	AvatarOrEntity	GetBonePosition	0xf3a3213c	1	2	1;2	true		Vector3	OBSERVED_VARIABLE_OR_OPEN	CATALOG_ONLY		CORPUS_CATALOG	227	126	174		
1	RENOVICE_SEMANTIC_SDK_V1	lua:method:AvatarOrEntity:GetCenter	method	AvatarOrEntity	GetCenter	0x5f43b532	0	0	0	false		Vector3	OBSERVED_STABLE_ARGS	CATALOG_ONLY		CORPUS_CATALOG	334	151	246		
1	RENOVICE_SEMANTIC_SDK_V1	lua:method:AvatarOrEntity:GetFaction	method	AvatarOrEntity	GetFaction	0x7fa55d37	0	0	0	false		Faction	OBSERVED_STABLE_ARGS	CATALOG_ONLY		CORPUS_CATALOG	62	40	50		
1	RENOVICE_SEMANTIC_SDK_V1	lua:method:AvatarOrEntity:GetForwardVector	method	AvatarOrEntity	GetForwardVector	0x7341c420	0	0	0	false		Vector3	OBSERVED_STABLE_ARGS	CATALOG_ONLY		CORPUS_CATALOG	82	58	69		
1	RENOVICE_SEMANTIC_SDK_V1	lua:method:AvatarOrEntity:GetHealthPercentage	method	AvatarOrEntity	GetHealthPercentage	0xefe4b2da	0	0	0	false		number	OBSERVED_STABLE_ARGS	CATALOG_ONLY		CORPUS_CATALOG	42	38	39		
1	RENOVICE_SEMANTIC_SDK_V1	lua:method:AvatarOrEntity:GetPosition	method	AvatarOrEntity	GetPosition	0x28ef49e6	0	0	0	false		Vector3	OBSERVED_STABLE_ARGS	CATALOG_ONLY		CORPUS_CATALOG	1186	246	657		
1	RENOVICE_SEMANTIC_SDK_V1	lua:method:AvatarOrEntity:GetPosture	method	AvatarOrEntity	GetPosture	0xa6bdc14b	0	0	0	false		opaque	OBSERVED_STABLE_SHAPE	CATALOG_ONLY		CORPUS_CATALOG	20	14	17		
1	RENOVICE_SEMANTIC_SDK_V1	lua:method:AvatarOrEntity:GetRagdoll	method	AvatarOrEntity	GetRagdoll	0xe372a765	0	1	0;1	false		Ragdoll	OBSERVED_VARIABLE_OR_OPEN	CATALOG_ONLY		CORPUS_CATALOG	144	50	91		
1	RENOVICE_SEMANTIC_SDK_V1	lua:method:AvatarOrEntity:GetRotation	method	AvatarOrEntity	GetRotation	0xedf4f9ec	0	0	0	false		Rotation	OBSERVED_STABLE_ARGS	CATALOG_ONLY		CORPUS_CATALOG	134	73	109		
1	RENOVICE_SEMANTIC_SDK_V1	lua:method:AvatarOrEntity:GetSimPosition	method	AvatarOrEntity	GetSimPosition	0x35f5ce30	0	0	0	false		Vector3	OBSERVED_STABLE_ARGS	CATALOG_ONLY		CORPUS_CATALOG	406	151	268		
1	RENOVICE_SEMANTIC_SDK_V1	lua:method:AvatarOrEntity:GetSimRotation	method	AvatarOrEntity	GetSimRotation	0x68ef07d8	0	0	0	false		Rotation	OBSERVED_STABLE_ARGS	CATALOG_ONLY		CORPUS_CATALOG	102	66	86		
1	RENOVICE_SEMANTIC_SDK_V1	lua:method:AvatarOrEntity:GetSpeed	method	AvatarOrEntity	GetSpeed	0x5013aabb	0	0	0	false		number	OBSERVED_STABLE_SHAPE	CATALOG_ONLY		CORPUS_CATALOG	39	36	39		
1	RENOVICE_SEMANTIC_SDK_V1	lua:method:AvatarOrEntity:HasAbilityResistance	method	AvatarOrEntity	HasAbilityResistance	0x4a3a01eb	1	1	1	false		boolean	OBSERVED_STABLE_SHAPE	CATALOG_ONLY		CORPUS_CATALOG	616	208	437		
1	RENOVICE_SEMANTIC_SDK_V1	lua:method:AvatarOrEntity:HasPostureModifier	method	AvatarOrEntity	HasPostureModifier	0x6e0e400f	1	1	1	false		boolean	OBSERVED_STABLE_SHAPE	CATALOG_ONLY		CORPUS_CATALOG	110	70	89		
1	RENOVICE_SEMANTIC_SDK_V1	lua:method:AvatarOrEntity:IsAvatarBlocked	method	AvatarOrEntity	IsAvatarBlocked	0xd47e7afc	1	1	1	false		boolean	OBSERVED_STABLE_SHAPE	CATALOG_ONLY		CORPUS_CATALOG	78	54	71		
1	RENOVICE_SEMANTIC_SDK_V1	lua:method:AvatarOrEntity:IsAvatarFriendly	method	AvatarOrEntity	IsAvatarFriendly	0x1051c96b	1	1	1	true		boolean	OBSERVED_VARIABLE_OR_OPEN	CATALOG_ONLY		CORPUS_CATALOG	404	210	352		
1	RENOVICE_SEMANTIC_SDK_V1	lua:method:AvatarOrEntity:IsDead	method	AvatarOrEntity	IsDead	0xd379cc6f	0	0	0	false		boolean	OBSERVED_STABLE_SHAPE	CATALOG_ONLY		CORPUS_CATALOG	20	14	17		
1	RENOVICE_SEMANTIC_SDK_V1	lua:method:AvatarOrEntity:IsFalling	method	AvatarOrEntity	IsFalling	0xb4262c94	0	0	0	false		boolean	OBSERVED_STABLE_SHAPE	CATALOG_ONLY		CORPUS_CATALOG	40	25	36		
1	RENOVICE_SEMANTIC_SDK_V1	lua:method:AvatarOrEntity:IsHumanPlayer	method	AvatarOrEntity	IsHumanPlayer	0x4e319106	0	0	0	false		boolean	OBSERVED_STABLE_ARGS	CATALOG_ONLY		CORPUS_CATALOG	421	171	315		
1	RENOVICE_SEMANTIC_SDK_V1	lua:method:AvatarOrEntity:IsKilled	method	AvatarOrEntity	IsKilled	0x94f6567d	0	0	0	false		boolean	OBSERVED_STABLE_SHAPE	CATALOG_ONLY		CORPUS_CATALOG	1188	267	799		
1	RENOVICE_SEMANTIC_SDK_V1	lua:method:AvatarOrEntity:IsPreDeath	method	AvatarOrEntity	IsPreDeath	0x034e520e	0	0	0	false		boolean	OBSERVED_STABLE_SHAPE	CATALOG_ONLY		CORPUS_CATALOG	348	186	298		
1	RENOVICE_SEMANTIC_SDK_V1	lua:method:AvatarOrEntity:IsVIP	method	AvatarOrEntity	IsVIP	0x3f161401	0	0	0	false		boolean	OBSERVED_STABLE_SHAPE	CATALOG_ONLY		CORPUS_CATALOG	55	36	50		
1	RENOVICE_SEMANTIC_SDK_V1	lua:method:AvatarOrEntity:MotionControl	method	AvatarOrEntity	MotionControl	0xf3170d90	0	0	0	false		MotionControl	OBSERVED_STABLE_SHAPE	CATALOG_ONLY		CORPUS_CATALOG	310	160	250		
1	RENOVICE_SEMANTIC_SDK_V1	lua:method:AvatarOrEntity:PlayAnimation	method	AvatarOrEntity	PlayAnimation	0xab901aae	2	7	2;3;4;5;6;7	true		ignoredOrHandle	OBSERVED_VARIABLE_OR_OPEN	CATALOG_ONLY		CORPUS_CATALOG	83	50	63		
1	RENOVICE_SEMANTIC_SDK_V1	lua:method:AvatarOrEntity:PlayNonReplicatedAnimation	method	AvatarOrEntity	PlayNonReplicatedAnimation	0x2bc1de72	4	6	4;5;6	false		ignoredOrHandle	OBSERVED_VARIABLE_OR_OPEN	CATALOG_ONLY		CORPUS_CATALOG	127	54	81		
1	RENOVICE_SEMANTIC_SDK_V1	lua:method:AvatarOrEntity:PlaySound	method	AvatarOrEntity	PlaySound	0x1cb3cf62	2	8	2;3;4;5;6;8	true		ignoredOrHandle	OBSERVED_VARIABLE_OR_OPEN	CATALOG_ONLY		CORPUS_CATALOG	308	151	235		
1	RENOVICE_SEMANTIC_SDK_V1	lua:method:AvatarOrEntity:ReplicaLocallyAuthoritative	method	AvatarOrEntity	ReplicaLocallyAuthoritative	0xc84e650e	0	0	0	false		boolean	OBSERVED_STABLE_SHAPE	CATALOG_ONLY		CORPUS_CATALOG	257	112	210		
1	RENOVICE_SEMANTIC_SDK_V1	lua:method:AvatarOrEntity:SetItemVisibility	method	AvatarOrEntity	SetItemVisibility	0x8056ebae	2	2	2	false		ignored	OBSERVED_STABLE_SHAPE	CATALOG_ONLY		CORPUS_CATALOG	87	33	61		
1	RENOVICE_SEMANTIC_SDK_V1	lua:method:AvatarOrEntity:SetPosition	method	AvatarOrEntity	SetPosition	0x1586090f	1	1	1	true		ignored	OBSERVED_VARIABLE_OR_OPEN	CATALOG_ONLY		CORPUS_CATALOG	66	48	53		
1	RENOVICE_SEMANTIC_SDK_V1	lua:method:AvatarOrEntity:Teleport	method	AvatarOrEntity	Teleport	0xfffb533d	1	3	1;2;3	true		ignored	OBSERVED_VARIABLE_OR_OPEN	CATALOG_ONLY		CORPUS_CATALOG	99	65	79		
1	RENOVICE_SEMANTIC_SDK_V1	lua:method:AvatarOrItem:GetCustomization	method	AvatarOrItem	GetCustomization	0x9c1e66db	0	1	0;1	false		Customization	OBSERVED_VARIABLE_OR_OPEN	CATALOG_ONLY		CORPUS_CATALOG	92	67	88		
1	RENOVICE_SEMANTIC_SDK_V1	lua:method:AvatarOrItem:IsPrime	method	AvatarOrItem	IsPrime	0x1ec618cb	0	0	0	false		boolean	OBSERVED_STABLE_SHAPE	CATALOG_ONLY		CORPUS_CATALOG	57	45	54		
1	RENOVICE_SEMANTIC_SDK_V1	lua:method:AvatarOrUi:ProcessBuffNotification	method	AvatarOrUi	ProcessBuffNotification	0xba8740d5	3	3	3	false		ignored	OBSERVED_STABLE_SHAPE	CATALOG_ONLY		CORPUS_CATALOG	385	125	230		
1	RENOVICE_SEMANTIC_SDK_V1	lua:method:AvatarOrWeapon:GetAimEndPoint	method	AvatarOrWeapon	GetAimEndPoint	0x32cc8b5d	0	0	0	false		Vector3	OBSERVED_STABLE_ARGS	CATALOG_ONLY		CORPUS_CATALOG	78	63	72		
1	RENOVICE_SEMANTIC_SDK_V1	lua:method:AvatarOrWeapon:GetAimEndPointEntity	method	AvatarOrWeapon	GetAimEndPointEntity	0xe06219e0	0	0	0	false		EntityOrNil	OBSERVED_STABLE_ARGS	CATALOG_ONLY		CORPUS_CATALOG	59	52	56		
1	RENOVICE_SEMANTIC_SDK_V1	lua:method:BuffResource:GetLocalizeTag	method	BuffResource	GetLocalizeTag		0	0		false		LocalizeTag	STOCK_BYTECODE	CONFIRMED	WF-STOCK-UNIVERSAL-HUD-BUFFS-2026-09-15	DEEP_CONTRACT					
1	RENOVICE_SEMANTIC_SDK_V1	lua:method:Customization:GetColors	method	Customization	GetColors	0xa189ec0f	1	1	1	false		CustomizationColors	OBSERVED_STABLE_SHAPE	CATALOG_ONLY		CORPUS_CATALOG	28	25	27		
1	RENOVICE_SEMANTIC_SDK_V1	lua:method:DamageControl:GetArmourRating	method	DamageControl	GetArmourRating		0	0		false		number	STOCK_BYTECODE	CONFIRMED	WF-STOCK-CURRENT-ARMOUR-RATING-2026-09-14	DEEP_CONTRACT					
1	RENOVICE_SEMANTIC_SDK_V1	lua:method:DamageControl:GetDamageBuffer	method	DamageControl	GetDamageBuffer	0x105683ec	0	0	0	false		number	OBSERVED_STABLE_SHAPE	CATALOG_ONLY		CORPUS_CATALOG	23	19	21		
1	RENOVICE_SEMANTIC_SDK_V1	lua:method:DamageControl:GetOverguardAmount	method	DamageControl	GetOverguardAmount	0x9123bc96	0	0	0	false		number	LIVE_CONFIRMED	CONFIRMED	WF-LIVE-MALLET-2026-08-23	CORPUS_CATALOG;DEEP_CONTRACT	25	13	18		
1	RENOVICE_SEMANTIC_SDK_V1	lua:method:DamageControl:Name__ff67e37d	method	DamageControl	Name__ff67e37d		1	1		false	damage_type:number	number	STOCK_BYTECODE	CONFIRMED	WF-STOCK-DAMAGE-CONTROL-PROC-COUNT-2026-09-13	DEEP_CONTRACT					
1	RENOVICE_SEMANTIC_SDK_V1	lua:method:DamageControl:RemoveAllProcs	method	DamageControl	RemoveAllProcs	0x6a1c24b8	0	0	0	false		nil	STOCK_BYTECODE	CONFIRMED	WF-ABILITY-BEHAVIOR-246-2026-09-08	CORPUS_CATALOG;DEEP_CONTRACT	32	27	29		
1	RENOVICE_SEMANTIC_SDK_V1	lua:method:DamageControl:SetOverguardAmount	method	DamageControl	SetOverguardAmount	0x8e1bfebc	1	1	1	true	amount:number	nil	LIVE_CONFIRMED	CONFIRMED	WF-LIVE-MALLET-2026-08-23	CORPUS_CATALOG;DEEP_CONTRACT	20	11	16		
1	RENOVICE_SEMANTIC_SDK_V1	lua:method:DamageControlOrAvatar:IsProcActive	method	DamageControlOrAvatar	IsProcActive	0xea902a3d	1	1	1	false		boolean	OBSERVED_STABLE_SHAPE	CATALOG_ONLY		CORPUS_CATALOG	25	17	18		
1	RENOVICE_SEMANTIC_SDK_V1	lua:method:DamageData:GetBaseAmount	method	DamageData	GetBaseAmount		0	0		false		UpgradedValue	LIVE_CONFIRMED	CONFIRMED	WF-LIVE-ICE-WAVE-BASE-AMOUNT-2026-09-13;WF-LIVE-ICE-WAVE-UPGRADEDVALUE-ALIAS-2026-09-14;WF-STOCK-DAMAGE-DATA-BASE-AMOUNT-2026-09-13	DEEP_CONTRACT					
1	RENOVICE_SEMANTIC_SDK_V1	lua:method:DamageData:GetDamagePct	method	DamageData	GetDamagePct		1	1		false	damage_type:number	number	STOCK_BYTECODE	CONFIRMED	WF-STOCK-DAMAGE-DATA-PERCENT-2026-09-13	DEEP_CONTRACT					
1	RENOVICE_SEMANTIC_SDK_V1	lua:method:DamageData:SetDamageType	method	DamageData	SetDamageType	0x3562be43	1	1	1	false		ignored	OBSERVED_STABLE_SHAPE	CATALOG_ONLY		CORPUS_CATALOG	16	15	16		
1	RENOVICE_SEMANTIC_SDK_V1	lua:method:DamageData:SetProc	method	DamageData	SetProc	0xaf20a314	2	2	2	true		ignored	OBSERVED_VARIABLE_OR_OPEN	CATALOG_ONLY		CORPUS_CATALOG	303	148	183		
1	RENOVICE_SEMANTIC_SDK_V1	lua:method:DamageDataOrAvatar:RemoveDamageModifier	method	DamageDataOrAvatar	RemoveDamageModifier	0x20345e81	1	1	1	false		ignored	OBSERVED_STABLE_SHAPE	CATALOG_ONLY		CORPUS_CATALOG	11	8	9		
1	RENOVICE_SEMANTIC_SDK_V1	lua:method:DamageDataOrEffect:SetInstigator	method	DamageDataOrEffect	SetInstigator	0xe1783949	1	1	1	false		ignored	OBSERVED_STABLE_SHAPE	CATALOG_ONLY		CORPUS_CATALOG	64	57	63		
1	RENOVICE_SEMANTIC_SDK_V1	lua:method:DamageDataOrEffect:SetInstigatorItem	method	DamageDataOrEffect	SetInstigatorItem	0xa1f63b59	1	1	1	true		ignored	OBSERVED_VARIABLE_OR_OPEN	CATALOG_ONLY		CORPUS_CATALOG	71	60	68		
1	RENOVICE_SEMANTIC_SDK_V1	lua:method:DamageDataOrEffect:SetRadius	method	DamageDataOrEffect	SetRadius	0xfd84f1d5	1	1	1	true		ignored	OBSERVED_VARIABLE_OR_OPEN	CATALOG_ONLY		CORPUS_CATALOG	81	53	63		
1	RENOVICE_SEMANTIC_SDK_V1	lua:method:DamageDataOrMotion:SetImpulse	method	DamageDataOrMotion	SetImpulse	0x2d139f75	1	1	1	true		ignored	OBSERVED_VARIABLE_OR_OPEN	CATALOG_ONLY		CORPUS_CATALOG	119	83	96		
1	RENOVICE_SEMANTIC_SDK_V1	lua:method:DamageOrEffect:GetInstigator	method	DamageOrEffect	GetInstigator	0x4611fe55	0	0	0	false		Entity	OBSERVED_STABLE_ARGS	CATALOG_ONLY		CORPUS_CATALOG	82	46	71		
1	RENOVICE_SEMANTIC_SDK_V1	lua:method:EngineObject:AddTag	method	EngineObject	AddTag	0xeddecba6	1	1	1	true		ignored	OBSERVED_VARIABLE_OR_OPEN	CATALOG_ONLY		CORPUS_CATALOG	48	40	45		
1	RENOVICE_SEMANTIC_SDK_V1	lua:method:EngineObject:Destroy	method	EngineObject	Destroy	0x0ffc7aab	0	0	0	false		ignored	OBSERVED_STABLE_SHAPE	CATALOG_ONLY		CORPUS_CATALOG	849	223	499		
1	RENOVICE_SEMANTIC_SDK_V1	lua:method:EngineObject:GetAttachRoot	method	EngineObject	GetAttachRoot	0x765a5f64	0	0	0	false		EngineObjectOrNil	OBSERVED_STABLE_SHAPE	CATALOG_ONLY		CORPUS_CATALOG	58	39	55		
1	RENOVICE_SEMANTIC_SDK_V1	lua:method:EngineObject:GetCreator	method	EngineObject	GetCreator	0x62bc2002	0	0	0	false		unknown_object_ref	STOCK_BYTECODE	CONFIRMED	WF-R5-CALLSHAPE-CORPUS;WF-R5-DIFFERENTIAL-V3	CORPUS_CATALOG;DEEP_CONTRACT	263	131	241		
1	RENOVICE_SEMANTIC_SDK_V1	lua:method:EngineObject:GetInstance	method	EngineObject	GetInstance	0x684f1976	0	0	0	false		InstanceId	OBSERVED_STABLE_ARGS	CATALOG_ONLY		CORPUS_CATALOG	1154	215	824		
1	RENOVICE_SEMANTIC_SDK_V1	lua:method:EngineObject:GetName	method	EngineObject	GetName	0x34df30ff	0	0	0	false		NameOrString	OBSERVED_STABLE_ARGS	CATALOG_ONLY		CORPUS_CATALOG	86	76	84		
1	RENOVICE_SEMANTIC_SDK_V1	lua:method:EngineObject:GetPlayerID	method	EngineObject	GetPlayerID	0x40d19e6a	0	0	0	false		opaque	OBSERVED_STABLE_SHAPE	CATALOG_ONLY		CORPUS_CATALOG	35	13	31		
1	RENOVICE_SEMANTIC_SDK_V1	lua:method:EngineObject:GetResType	method	EngineObject	GetResType	0x7d186aab	1	1	1	true		ResourceType	OBSERVED_VARIABLE_OR_OPEN	CATALOG_ONLY		CORPUS_CATALOG	548	119	279		
1	RENOVICE_SEMANTIC_SDK_V1	lua:method:EngineObject:GetScriptBlackboard	method	EngineObject	GetScriptBlackboard	0x6084b846	0	0	0	false		table	DEEP_CONTRACT	CATALOG_ONLY		CORPUS_CATALOG	239	34	192		
1	RENOVICE_SEMANTIC_SDK_V1	lua:method:EngineObject:GetType	method	EngineObject	GetType	0x0218d452	0	0	0	false		ResourceType	OBSERVED_STABLE_ARGS	CATALOG_ONLY		CORPUS_CATALOG	1657	282	1282		
1	RENOVICE_SEMANTIC_SDK_V1	lua:method:EngineObject:HasAttachment	method	EngineObject	HasAttachment	0x694b7453	1	1	1	false		boolean	OBSERVED_STABLE_ARGS	CATALOG_ONLY		CORPUS_CATALOG	55	40	48		
1	RENOVICE_SEMANTIC_SDK_V1	lua:method:EngineObject:HasTag	method	EngineObject	HasTag	0xd615b09e	1	1	1	true		boolean	OBSERVED_VARIABLE_OR_OPEN	CATALOG_ONLY		CORPUS_CATALOG	116	55	91		
1	RENOVICE_SEMANTIC_SDK_V1	lua:method:EngineObject:IsA	method	EngineObject	IsA	0x020fdf01	1	1	1	true		boolean	OBSERVED_VARIABLE_OR_OPEN	CATALOG_ONLY		CORPUS_CATALOG	1009	220	582		
1	RENOVICE_SEMANTIC_SDK_V1	lua:method:EngineObject:IsAbilityWeapon	method	EngineObject	IsAbilityWeapon	0x04cd7987	0	0	0	false		boolean	OBSERVED_STABLE_SHAPE	CATALOG_ONLY		CORPUS_CATALOG	17	8	9		
1	RENOVICE_SEMANTIC_SDK_V1	lua:method:EngineObject:IsEnabled	method	EngineObject	IsEnabled	0x3fbb5336	0	0	0	false		boolean	OBSERVED_STABLE_SHAPE	CATALOG_ONLY		CORPUS_CATALOG	28	17	22		
1	RENOVICE_SEMANTIC_SDK_V1	lua:method:EngineObject:IsPinned	method	EngineObject	IsPinned	0xd8f83cd0	0	0	0	false		boolean	OBSERVED_STABLE_SHAPE	CATALOG_ONLY		CORPUS_CATALOG	24	19	23		
1	RENOVICE_SEMANTIC_SDK_V1	lua:method:EngineObject:IsVisible	method	EngineObject	IsVisible	0x36940183	0	0	0	false		boolean	OBSERVED_STABLE_SHAPE	CATALOG_ONLY		CORPUS_CATALOG	14	11	14		
1	RENOVICE_SEMANTIC_SDK_V1	lua:method:EngineObject:RemoveTag	method	EngineObject	RemoveTag	0x5f4150b6	1	1	1	true		ignored	OBSERVED_VARIABLE_OR_OPEN	CATALOG_ONLY		CORPUS_CATALOG	60	34	41		
1	RENOVICE_SEMANTIC_SDK_V1	lua:method:EngineObject:SetVisibility	method	EngineObject	SetVisibility	0x9f48255d	1	2	1;2	false		ignored	OBSERVED_VARIABLE_OR_OPEN	CATALOG_ONLY		CORPUS_CATALOG	69	31	46		
1	RENOVICE_SEMANTIC_SDK_V1	lua:method:EntityOrDecoration:GetMeshScale	method	EntityOrDecoration	GetMeshScale	0xb1a6cf63	0	0	0	false		numberOrVector	OBSERVED_STABLE_ARGS	CATALOG_ONLY		CORPUS_CATALOG	62	38	48		
1	RENOVICE_SEMANTIC_SDK_V1	lua:method:EntityOrDecoration:SetMesh	method	EntityOrDecoration	SetMesh	0x9fda2d40	3	3	3	false		ignored	OBSERVED_STABLE_SHAPE	CATALOG_ONLY		CORPUS_CATALOG	66	38	46		
1	RENOVICE_SEMANTIC_SDK_V1	lua:method:EntityOrDecoration:SetMeshScale	method	EntityOrDecoration	SetMeshScale	0x052e608c	1	2	1;2	true		ignored	OBSERVED_VARIABLE_OR_OPEN	CATALOG_ONLY		CORPUS_CATALOG	197	111	152		
1	RENOVICE_SEMANTIC_SDK_V1	lua:method:EntityOrEffect:SetLifeSpan	method	EntityOrEffect	SetLifeSpan	0xa91c6212	1	1	1	false		ignored	OBSERVED_STABLE_SHAPE	CATALOG_ONLY		CORPUS_CATALOG	18	14	15		
1	RENOVICE_SEMANTIC_SDK_V1	lua:method:EntityOrMaterial:SetMaterialParam	method	EntityOrMaterial	SetMaterialParam	0xd7f1df5e	2	6	2;3;4;5;6	true		ignored	OBSERVED_VARIABLE_OR_OPEN	CATALOG_ONLY		CORPUS_CATALOG	272	107	152		
1	RENOVICE_SEMANTIC_SDK_V1	lua:method:GameRules:GetMission	method	GameRules	GetMission		0	0		false		MissionDescriptor	STOCK_BYTECODE	CONFIRMED	WF-MISSION-TIMER-OWNER-CALLS-2026-09-09	DEEP_CONTRACT					
1	RENOVICE_SEMANTIC_SDK_V1	lua:method:GameRules:GetNetPersistentVar	method	GameRules	GetNetPersistentVar		1	2		false	key:Symbol;default:any	any	STOCK_BYTECODE	CONFIRMED	WF-MOBILE-DEFENSE-CUSTOM-MISSION-TIME-OWNER-2026-09-11	DEEP_CONTRACT					
1	RENOVICE_SEMANTIC_SDK_V1	lua:method:GameRules:SetNetPersistentVar	method	GameRules	SetNetPersistentVar		2	2		false	key:Symbol;value:any	nil	STOCK_BYTECODE	CONFIRMED	WF-MOBILE-DEFENSE-CUSTOM-MISSION-TIME-OWNER-2026-09-11	DEEP_CONTRACT					
1	RENOVICE_SEMANTIC_SDK_V1	lua:method:HudMovieInstigator:GetHudStatus	method	HudMovieInstigator	GetHudStatus		0	0		false		HudStatusOrNil	STOCK_BYTECODE	CONFIRMED	WF-SHARED-BUFF-PIPELINE-REPAIR-2026-09-15	DEEP_CONTRACT					
1	RENOVICE_SEMANTIC_SDK_V1	lua:method:HudStatus:GetBuffNotifications	method	HudStatus	GetBuffNotifications		0	0		false		tableOrNil	STOCK_BYTECODE	CONFIRMED	WF-NATIVE-HUD-EMPTY-LIST-2026-09-15;WF-SHARED-BUFF-PIPELINE-REPAIR-2026-09-15;WF-STOCK-UNIVERSAL-HUD-BUFFS-2026-09-15	DEEP_CONTRACT					
1	RENOVICE_SEMANTIC_SDK_V1	lua:method:InputControl:EnableCrouch	method	InputControl	EnableCrouch	0xf28f78c8	1	1	1	false	enabled:boolean	nil	STOCK_BYTECODE	CONFIRMED	WF-ABILITY-BEHAVIOR-246-2026-09-08	CORPUS_CATALOG;DEEP_CONTRACT	54	24	43		
1	RENOVICE_SEMANTIC_SDK_V1	lua:method:InputControl:EnableJump	method	InputControl	EnableJump	0x676b253a	1	1	1	false	enabled:boolean	nil	STOCK_BYTECODE	CONFIRMED	WF-ABILITY-BEHAVIOR-246-2026-09-08	CORPUS_CATALOG;DEEP_CONTRACT	60	28	42		
1	RENOVICE_SEMANTIC_SDK_V1	lua:method:InputControl:SetStopMovement	method	InputControl	SetStopMovement	0x6a82103b	1	1	1	false	stopped:boolean	nil	STOCK_BYTECODE	CONFIRMED	WF-ABILITY-BEHAVIOR-246-2026-09-08	CORPUS_CATALOG;DEEP_CONTRACT	7	4	5		
1	RENOVICE_SEMANTIC_SDK_V1	lua:method:InventoryControl:GetActivePowerSuit	method	InventoryControl	GetActivePowerSuit	0xdcf95a75	0	0	0	false		PowerSuit	OBSERVED_STABLE_ARGS	CATALOG_ONLY		CORPUS_CATALOG	1276	270	1167		
1	RENOVICE_SEMANTIC_SDK_V1	lua:method:InventoryControl:GetMeleeWeapon	method	InventoryControl	GetMeleeWeapon	0xe22d6871	0	0	0	false		WeaponOrNil	OBSERVED_STABLE_SHAPE	CATALOG_ONLY		CORPUS_CATALOG	38	20	34		
1	RENOVICE_SEMANTIC_SDK_V1	lua:method:InventoryControl:GetUpgradeModifiedValue	method	InventoryControl	GetUpgradeModifiedValue		4	4		false	base:number;operation:UpgradeType;validType:Type;context:PowerSuit	number	STOCK_BYTECODE	CONFIRMED	WF-STOCK-INVENTORY-EFFICIENCY-2026-09-15	DEEP_CONTRACT					
1	RENOVICE_SEMANTIC_SDK_V1	lua:method:InventoryControl:ModifyValue	method	InventoryControl	ModifyValue		4	4		false	value:UpgradedValue;selector:number;suit_type:Type;suit:PowerSuit	nil	STOCK_BYTECODE	CONFIRMED	WF-LIVE-MALLET-EXACT-PIPELINE-2026-08-25;WF-STOCK-BARD-BOXLOOP	DEEP_CONTRACT					
1	RENOVICE_SEMANTIC_SDK_V1	lua:method:InventoryControl:SetWeaponsEnabled	method	InventoryControl	SetWeaponsEnabled	0x50f4c8a2	1	1	1	false	enabled:boolean	nil	STOCK_BYTECODE	CONFIRMED	WF-ABILITY-BEHAVIOR-246-2026-09-08	CORPUS_CATALOG;DEEP_CONTRACT	10	5	8		
1	RENOVICE_SEMANTIC_SDK_V1	lua:method:InventoryOrAvatar:GetWeaponInSlot	method	InventoryOrAvatar	GetWeaponInSlot	0xc4973d1b	1	1	1	false	slot:identifier	unknown	STOCK_BYTECODE	UNRESOLVED	WF-R5-CALLSHAPE-CORPUS	CORPUS_CATALOG;DEEP_CONTRACT	107	45	71		
1	RENOVICE_SEMANTIC_SDK_V1	lua:method:LocalizeTag:c_str	method	LocalizeTag	c_str		0	0		false		string	LIVE_CONFIRMED	CONFIRMED	WF-LIVE-MALLET-EXACT-PIPELINE-2026-08-25	DEEP_CONTRACT					
1	RENOVICE_SEMANTIC_SDK_V1	lua:method:MotionControl:SetForceWalk	method	MotionControl	SetForceWalk	0x4ff9c066	1	1	1	false	enabled:boolean	nil	STOCK_BYTECODE	CONFIRMED	WF-ABILITY-BEHAVIOR-246-2026-09-08	CORPUS_CATALOG;DEEP_CONTRACT	10	6	8		
1	RENOVICE_SEMANTIC_SDK_V1	lua:method:MotionOrAvatar:SetPushVelocity	method	MotionOrAvatar	SetPushVelocity	0xdda679a8	1	3	1;2;3	true		ignored	OBSERVED_VARIABLE_OR_OPEN	CATALOG_ONLY		CORPUS_CATALOG	128	69	93		
1	RENOVICE_SEMANTIC_SDK_V1	lua:method:MotionOrEntity:SetDisableGravity	method	MotionOrEntity	SetDisableGravity	0x045c2170	1	1	1	false		ignored	OBSERVED_STABLE_SHAPE	CATALOG_ONLY		CORPUS_CATALOG	79	26	51		
1	RENOVICE_SEMANTIC_SDK_V1	lua:method:PlayerOrAgent:GetOwnedPowerSuitAvatar	method	PlayerOrAgent	GetOwnedPowerSuitAvatar	0xfd5db793	0	0	0	false		AvatarOrNil	OBSERVED_STABLE_SHAPE	CATALOG_ONLY		CORPUS_CATALOG	23	18	22		
1	RENOVICE_SEMANTIC_SDK_V1	lua:method:PowerSuit:GetAbilities	method	PowerSuit	GetAbilities	0xbee1f182	0	0	0	false		array<Ability>	OBSERVED_STABLE_SHAPE	CATALOG_ONLY		CORPUS_CATALOG	27	17	25		
1	RENOVICE_SEMANTIC_SDK_V1	lua:method:PowerSuit:GetAbilityAugmentLevel	method	PowerSuit	GetAbilityAugmentLevel	0x78f6f9cd	0	1	0;1	true		number	OBSERVED_VARIABLE_OR_OPEN	CATALOG_ONLY		CORPUS_CATALOG	574	190	567		
1	RENOVICE_SEMANTIC_SDK_V1	lua:method:PowerSuit:GetAbilityAugmentType	method	PowerSuit	GetAbilityAugmentType	0x5ef306cf	0	1	0;1	true		ResourceTypeOrNumber	OBSERVED_VARIABLE_OR_OPEN	CATALOG_ONLY		CORPUS_CATALOG	572	189	564		
1	RENOVICE_SEMANTIC_SDK_V1	lua:method:PowerSuit:GetAbilityByIndex	method	PowerSuit	GetAbilityByIndex	0xc1d30e6f	1	1	1	false		Ability	OBSERVED_STABLE_ARGS	CATALOG_ONLY		CORPUS_CATALOG	185	97	178		
1	RENOVICE_SEMANTIC_SDK_V1	lua:method:PowerSuit:GetNumAbilities	method	PowerSuit	GetNumAbilities	0x2a9cc238	0	0	0	false		number	OBSERVED_STABLE_SHAPE	CATALOG_ONLY		CORPUS_CATALOG	197	185	196		
1	RENOVICE_SEMANTIC_SDK_V1	lua:method:PowerSuit:GetUpgradeModifiedValue	method	PowerSuit	GetUpgradeModifiedValue	0xe6c09e83	2	5	2;4;5	false		numberOrUpgradedValue	DEEP_CONTRACT	CATALOG_ONLY		CORPUS_CATALOG	1233	281	531		
1	RENOVICE_SEMANTIC_SDK_V1	lua:method:PowerSuit:SetAbilitiesEnabled	method	PowerSuit	SetAbilitiesEnabled	0xd74ed0af	1	1	1	false	enabled:boolean	nil	STOCK_BYTECODE	CONFIRMED	WF-ABILITY-BEHAVIOR-246-2026-09-08	CORPUS_CATALOG;DEEP_CONTRACT	12	8	10		
1	RENOVICE_SEMANTIC_SDK_V1	lua:method:PowerSuitOrAvatar:AddUpgrade	method	PowerSuitOrAvatar	AddUpgrade	0x4dc75142	1	9	1;3;4;5;6;7;8;9	true		ignored	OBSERVED_VARIABLE_OR_OPEN	CATALOG_ONLY		CORPUS_CATALOG	299	119	159		
1	RENOVICE_SEMANTIC_SDK_V1	lua:method:PowerSuitOrAvatar:GetCurEnergy	method	PowerSuitOrAvatar	GetCurEnergy	0xef680aa6	0	0	0	false		number	OBSERVED_STABLE_ARGS	CATALOG_ONLY		CORPUS_CATALOG	69	51	61		
1	RENOVICE_SEMANTIC_SDK_V1	lua:method:PowerSuitOrAvatar:GetMaxEnergy	method	PowerSuitOrAvatar	GetMaxEnergy	0x5760883e	0	0	0	false		number	OBSERVED_STABLE_ARGS	CATALOG_ONLY		CORPUS_CATALOG	13	10	12		
1	RENOVICE_SEMANTIC_SDK_V1	lua:method:PowerSuitOrAvatar:GetSpecialSlotItem	method	PowerSuitOrAvatar	GetSpecialSlotItem	0x7fd40fa6	1	1	1	false		EngineObjectOrNil	OBSERVED_STABLE_SHAPE	CATALOG_ONLY		CORPUS_CATALOG	90	22	84		
1	RENOVICE_SEMANTIC_SDK_V1	lua:method:PowerSuitOrAvatar:RemoveUpgrade	method	PowerSuitOrAvatar	RemoveUpgrade	0xcd38442f	1	9	1;3;4;5;6;7;8;9	true		ignored	OBSERVED_VARIABLE_OR_OPEN	CATALOG_ONLY		CORPUS_CATALOG	266	94	130		
1	RENOVICE_SEMANTIC_SDK_V1	lua:method:RadialDamageData:SetBaseAmount	method	RadialDamageData	SetBaseAmount	0x0362e2b8	1	1	1	true	amount:number|UpgradedValue	nil	STOCK_BYTECODE	CONFIRMED	WF-STOCK-BARD-BOXLOOP	CORPUS_CATALOG;DEEP_CONTRACT	277	159	222		
1	RENOVICE_SEMANTIC_SDK_V1	lua:method:RadialDamageData:SetDamageCallback	method	RadialDamageData	SetDamageCallback		1	1		false	callback:function	nil	LIVE_CONFIRMED	CONFIRMED	WF-CERT-RADIAL-CALLBACK;WF-LIVE-MALLET-2026-08-23;WF-LIVE-MALLET-CALLBACK-ISDEAD-NIL-2026-09-08;WF-LIVE-MALLET-CALLBACK-TARGET-2026-09-08;WF-NATIVE-SETDAMAGECALLBACK-RVA	CORPUS_CATALOG;DEEP_CONTRACT	0	0	0		
1	RENOVICE_SEMANTIC_SDK_V1	lua:method:RadialDamageData:SetDamagePct	method	RadialDamageData	SetDamagePct	0x6c05c545	2	2	2	true	damage_type:number;fraction:number	nil	STOCK_BYTECODE	CONFIRMED	WF-LIVE-VIRAL-STATUS-ID-11-2026-09-15;WF-STOCK-BARD-BOXLOOP	CORPUS_CATALOG;DEEP_CONTRACT	350	169	234		
1	RENOVICE_SEMANTIC_SDK_V1	lua:method:RadialDamageData:SetOrigin	method	RadialDamageData	SetOrigin	0x435d1562	1	1	1	true	origin:Vector3	nil	STOCK_BYTECODE	CONFIRMED	WF-STOCK-BARD-BOXLOOP	CORPUS_CATALOG;DEEP_CONTRACT	81	68	73		
1	RENOVICE_SEMANTIC_SDK_V1	lua:method:RadialDamageData:SetSource	method	RadialDamageData	SetSource	0xbf4b48f6	1	1	1	true	source:AvatarOrEntity	nil	STOCK_BYTECODE	CONFIRMED	WF-STOCK-BARD-BOXLOOP	CORPUS_CATALOG;DEEP_CONTRACT	309	180	262		
1	RENOVICE_SEMANTIC_SDK_V1	lua:method:RadialDamageData:SetSourceObject	method	RadialDamageData	SetSourceObject	0x835d7fe5	1	1	1	true	source_object:Entity	nil	STOCK_BYTECODE	CONFIRMED	WF-STOCK-BARD-BOXLOOP	CORPUS_CATALOG;DEEP_CONTRACT	357	192	296		
1	RENOVICE_SEMANTIC_SDK_V1	lua:method:Region:FindAll	method	Region	FindAll	0x8814cf8a	1	4	1;4	true		array<EngineObject>	OBSERVED_VARIABLE_OR_OPEN	CATALOG_ONLY		CORPUS_CATALOG	328	188	268		
1	RENOVICE_SEMANTIC_SDK_V1	lua:method:Region:FindFirstTagged	method	Region	FindFirstTagged	0x838e744d				true		EngineObjectOrNil	OBSERVED_VARIABLE_OR_OPEN	CATALOG_ONLY		CORPUS_CATALOG	1	1	1		
1	RENOVICE_SEMANTIC_SDK_V1	lua:method:Region:FindRadiusEntities	method	Region	FindRadiusEntities	0x47703dde	3	3	3	false		listLike	OBSERVED_STABLE_SHAPE	CATALOG_ONLY		CORPUS_CATALOG	19	17	19		
1	RENOVICE_SEMANTIC_SDK_V1	lua:method:Region:GetAiDirector	method	Region	GetAiDirector	0xa65c92cd	0	0	0	false		AiDirector	OBSERVED_STABLE_SHAPE	CATALOG_ONLY		CORPUS_CATALOG	18	14	16		
1	RENOVICE_SEMANTIC_SDK_V1	lua:method:Region:GetLocalPlayerAvatar	method	Region	GetLocalPlayerAvatar		0	0		false		Avatar_ref_or_null_unresolved	LIVE_CONFIRMED	CONFIRMED	WF-LIVE-OCTAVIA-FLOAT-2026-08-27;WF-STOCK-GRAVITY-PAIR-CENSUS	DEEP_CONTRACT					
1	RENOVICE_SEMANTIC_SDK_V1	lua:method:Region:GetNpcMgr	method	Region	GetNpcMgr	0x80e68a42	0	0	0	false		NpcManager	OBSERVED_STABLE_SHAPE	CATALOG_ONLY		CORPUS_CATALOG	61	35	53		
1	RENOVICE_SEMANTIC_SDK_V1	lua:method:Region:RadialDamage	method	Region	RadialDamage	0x23a0a153	1	1	1;4;8;13;14	false	packet:RadialDamageData	nil	LIVE_CONFIRMED	CONFIRMED	WF-LIVE-MALLET-2026-08-23;WF-STOCK-BARD-BOXLOOP	CORPUS_CATALOG;DEEP_CONTRACT	93	78	85		
1	RENOVICE_SEMANTIC_SDK_V1	lua:method:RegionOrEngineObject:IsMaster	method	RegionOrEngineObject	IsMaster	0x00413bf5	0	0	0	false		boolean	OBSERVED_STABLE_SHAPE	CATALOG_ONLY		CORPUS_CATALOG	1038	259	710		
1	RENOVICE_SEMANTIC_SDK_V1	lua:method:RegionOrManager:CreateEntity	method	RegionOrManager	CreateEntity	0x4562b2ec	3	6	3;4;5;6	true		Entity	OBSERVED_VARIABLE_OR_OPEN	CATALOG_ONLY		CORPUS_CATALOG	751	247	511		
1	RENOVICE_SEMANTIC_SDK_V1	lua:method:RegionOrMission:GetLevelInfo	method	RegionOrMission	GetLevelInfo	0x32a016c3	0	0	0	false		table	OBSERVED_STABLE_ARGS	CATALOG_ONLY		CORPUS_CATALOG	58	30	53		
1	RENOVICE_SEMANTIC_SDK_V1	lua:method:RegionOrPhysics:Raycast	method	RegionOrPhysics	Raycast	0xd2d799a8	5	8	5;6;7;8	true		booleanOrHitData	OBSERVED_VARIABLE_OR_OPEN	CATALOG_ONLY		CORPUS_CATALOG	52	34	41		
1	RENOVICE_SEMANTIC_SDK_V1	lua:method:Resource:GetFullName	method	Resource	GetFullName		0	0		false		string	STOCK_BYTECODE	CONFIRMED	WF-STOCK-UNIVERSAL-HUD-BUFFS-2026-09-15	DEEP_CONTRACT					
1	RENOVICE_SEMANTIC_SDK_V1	lua:method:SecondaryScriptArgs:HasArgs	method	SecondaryScriptArgs	HasArgs	0x6aca413e	0	0	0	false		boolean	STOCK_BYTECODE	CONFIRMED	WF-ABILITY-BEHAVIOR-246-2026-09-08	CORPUS_CATALOG;DEEP_CONTRACT	62	50	60		
1	RENOVICE_SEMANTIC_SDK_V1	lua:method:SecondaryScriptArgs:PushFloatArg	method	SecondaryScriptArgs	PushFloatArg	0x0bd8905a	1	1	1	true		ignored	OBSERVED_VARIABLE_OR_OPEN	CATALOG_ONLY		CORPUS_CATALOG	500	143	215		
1	RENOVICE_SEMANTIC_SDK_V1	lua:method:SecondaryScriptArgs:PushObjectArg	method	SecondaryScriptArgs	PushObjectArg	0x7993444a	1	1	1	true		ignored	OBSERVED_VARIABLE_OR_OPEN	CATALOG_ONLY		CORPUS_CATALOG	257	126	193		
1	RENOVICE_SEMANTIC_SDK_V1	lua:method:SecondaryScriptArgs:PushVector3Arg	method	SecondaryScriptArgs	PushVector3Arg	0x12e59df4	1	1	1	true		ignored	OBSERVED_VARIABLE_OR_OPEN	CATALOG_ONLY		CORPUS_CATALOG	123	66	81		
1	RENOVICE_SEMANTIC_SDK_V1	lua:method:UIMovie:Close	method	UIMovie	Close		0	0		false		unknown_ignored	LIVE_CONFIRMED	CONFIRMED	WF-STOCK-GENERIC-SETTINGS-UI-2026-08-27	DEEP_CONTRACT					
1	RENOVICE_SEMANTIC_SDK_V1	lua:method:UIMovie:Execute	method	UIMovie	Execute	0x54e6ae98	2	2	2	false	exported_function:string;value:string_or_callback_name	unknown_ignored	LIVE_CONFIRMED	CONFIRMED	WF-STOCK-GENERIC-SETTINGS-UI-2026-08-27	CORPUS_CATALOG;DEEP_CONTRACT	23	6	10		
1	RENOVICE_SEMANTIC_SDK_V1	lua:method:UIMovie:PushChildMovie	method	UIMovie	PushChildMovie		1	1		false	movie_resource:resource_ref	UIMovie_ref_or_null	LIVE_CONFIRMED	CONFIRMED	WF-STOCK-GENERIC-SETTINGS-UI-2026-08-27	DEEP_CONTRACT					
1	RENOVICE_SEMANTIC_SDK_V1	lua:method:UnresolvedReceiver:AddDamageModifiers	method	UnresolvedReceiver	AddDamageModifiers	0x8395da48	1	1	1	false		ignored	OBSERVED_STABLE_SHAPE	CATALOG_ONLY		CORPUS_CATALOG	19	17	18		
1	RENOVICE_SEMANTIC_SDK_V1	lua:method:UnresolvedReceiver:ApplyForce	method	UnresolvedReceiver	ApplyForce	0x5aeb017a	2	2	2	false		ignored	OBSERVED_STABLE_SHAPE	CATALOG_ONLY		CORPUS_CATALOG	20	17	19		
1	RENOVICE_SEMANTIC_SDK_V1	lua:method:UnresolvedReceiver:ApplyGlobalForce	method	UnresolvedReceiver	ApplyGlobalForce	0xd3d1169c	2	2	2	false		ignored	OBSERVED_STABLE_SHAPE	CATALOG_ONLY		CORPUS_CATALOG	16	14	14		
1	RENOVICE_SEMANTIC_SDK_V1	lua:method:UnresolvedReceiver:CancelJump	method	UnresolvedReceiver	CancelJump	0x7598a14d	0	0	0	false		ignored	OBSERVED_STABLE_SHAPE	CATALOG_ONLY		CORPUS_CATALOG	11	11	11		
1	RENOVICE_SEMANTIC_SDK_V1	lua:method:UnresolvedReceiver:ClearSkins	method	UnresolvedReceiver	ClearSkins	0x962f240c	0	0	0	false		ignored	OBSERVED_STABLE_SHAPE	CATALOG_ONLY		CORPUS_CATALOG	40	32	40		
1	RENOVICE_SEMANTIC_SDK_V1	lua:method:UnresolvedReceiver:DestroyObject	method	UnresolvedReceiver	DestroyObject	0x82435fce	1	1	1	false		ignored	OBSERVED_STABLE_SHAPE	CATALOG_ONLY		CORPUS_CATALOG	38	25	33		
1	RENOVICE_SEMANTIC_SDK_V1	lua:method:UnresolvedReceiver:Disable	method	UnresolvedReceiver	Disable	0x14d018d3	0	0	0	false		ignored	OBSERVED_STABLE_SHAPE	CATALOG_ONLY		CORPUS_CATALOG	44	29	35		
1	RENOVICE_SEMANTIC_SDK_V1	lua:method:UnresolvedReceiver:Enable	method	UnresolvedReceiver	Enable	0x9d1a7733	0	0	0	false		ignored	OBSERVED_STABLE_SHAPE	CATALOG_ONLY		CORPUS_CATALOG	34	22	29		
1	RENOVICE_SEMANTIC_SDK_V1	lua:method:UnresolvedReceiver:EnableElementalEffects	method	UnresolvedReceiver	EnableElementalEffects	0x6ff87d2e	1	1	1	false		ignored	OBSERVED_STABLE_SHAPE	CATALOG_ONLY		CORPUS_CATALOG	23	10	21		
1	RENOVICE_SEMANTIC_SDK_V1	lua:method:UnresolvedReceiver:EnableMelee	method	UnresolvedReceiver	EnableMelee	0x320a4f08	1	1	1	false		ignored	OBSERVED_STABLE_SHAPE	CATALOG_ONLY		CORPUS_CATALOG	21	8	16		
1	RENOVICE_SEMANTIC_SDK_V1	lua:method:UnresolvedReceiver:EnableReachIK	method	UnresolvedReceiver	EnableReachIK	0xcb9d1b50	1	1	1	false		ignored	OBSERVED_STABLE_SHAPE	CATALOG_ONLY		CORPUS_CATALOG	17	5	10		
1	RENOVICE_SEMANTIC_SDK_V1	lua:method:UnresolvedReceiver:EnableWeaponFiring	method	UnresolvedReceiver	EnableWeaponFiring	0xae5db813	1	1	1	false		ignored	OBSERVED_STABLE_SHAPE	CATALOG_ONLY		CORPUS_CATALOG	67	26	50		
1	RENOVICE_SEMANTIC_SDK_V1	lua:method:UnresolvedReceiver:GetHealthDamage	method	UnresolvedReceiver	GetHealthDamage	0xf24e8c5f	0	0	0	false		number	OBSERVED_STABLE_SHAPE	CATALOG_ONLY		CORPUS_CATALOG	21	13	14		
1	RENOVICE_SEMANTIC_SDK_V1	lua:method:UnresolvedReceiver:GetShieldDamage	method	UnresolvedReceiver	GetShieldDamage	0xd0201091	0	0	0	false		number	OBSERVED_STABLE_SHAPE	CATALOG_ONLY		CORPUS_CATALOG	20	12	13		
1	RENOVICE_SEMANTIC_SDK_V1	lua:method:UnresolvedReceiver:GetViewPosition	method	UnresolvedReceiver	GetViewPosition	0xfb8ce225	0	0	0	false		Vector3	OBSERVED_STABLE_SHAPE	CATALOG_ONLY		CORPUS_CATALOG	22	21	21		
1	RENOVICE_SEMANTIC_SDK_V1	lua:method:UnresolvedReceiver:GiveTemporaryImmunity	method	UnresolvedReceiver	GiveTemporaryImmunity	0xbf143b6a	2	2	2	false		ignored	OBSERVED_STABLE_SHAPE	CATALOG_ONLY		CORPUS_CATALOG	22	19	21		
1	RENOVICE_SEMANTIC_SDK_V1	lua:method:UnresolvedReceiver:MakeVulnerable	method	UnresolvedReceiver	MakeVulnerable	0x17c8e618	0	0	0	false		ignored	OBSERVED_STABLE_SHAPE	CATALOG_ONLY		CORPUS_CATALOG	12	5	9		
1	RENOVICE_SEMANTIC_SDK_V1	lua:method:UnresolvedReceiver:MoveToVector	method	UnresolvedReceiver	MoveToVector	0xa242ba35	4	4	4	false		ignored	OBSERVED_STABLE_SHAPE	CATALOG_ONLY		CORPUS_CATALOG	12	7	12		
1	RENOVICE_SEMANTIC_SDK_V1	lua:method:UnresolvedReceiver:PopInputFilter	method	UnresolvedReceiver	PopInputFilter	0xde0ac8e5	1	1	1	false		ignored	OBSERVED_STABLE_SHAPE	CATALOG_ONLY		CORPUS_CATALOG	39	30	35		
1	RENOVICE_SEMANTIC_SDK_V1	lua:method:UnresolvedReceiver:PushInputFilter	method	UnresolvedReceiver	PushInputFilter	0x2a6d9752	1	1	1	false		ignored	OBSERVED_STABLE_SHAPE	CATALOG_ONLY		CORPUS_CATALOG	34	30	30		
1	RENOVICE_SEMANTIC_SDK_V1	lua:method:UnresolvedReceiver:RemoveProc	method	UnresolvedReceiver	RemoveProc	0xeca58b18	1	1	1	false		ignored	OBSERVED_STABLE_SHAPE	CATALOG_ONLY		CORPUS_CATALOG	15	9	9		
1	RENOVICE_SEMANTIC_SDK_V1	lua:method:UnresolvedReceiver:SetAllowFinisher	method	UnresolvedReceiver	SetAllowFinisher	0x8dc7f07f	1	1	1	false		ignored	OBSERVED_STABLE_SHAPE	CATALOG_ONLY		CORPUS_CATALOG	10	4	6		
1	RENOVICE_SEMANTIC_SDK_V1	lua:method:UnresolvedReceiver:SetCanDodge	method	UnresolvedReceiver	SetCanDodge	0x7f4b8a9b	1	1	1	false		ignored	OBSERVED_STABLE_SHAPE	CATALOG_ONLY		CORPUS_CATALOG	49	17	32		
1	RENOVICE_SEMANTIC_SDK_V1	lua:method:UnresolvedReceiver:SetCanRun	method	UnresolvedReceiver	SetCanRun	0x9117d866	1	1	1	false		ignored	OBSERVED_STABLE_SHAPE	CATALOG_ONLY		CORPUS_CATALOG	55	25	42		
1	RENOVICE_SEMANTIC_SDK_V1	lua:method:UnresolvedReceiver:SetConvergeTorso	method	UnresolvedReceiver	SetConvergeTorso	0x2dd4fb48	1	1	1	false		ignored	OBSERVED_STABLE_SHAPE	CATALOG_ONLY		CORPUS_CATALOG	97	41	71		
1	RENOVICE_SEMANTIC_SDK_V1	lua:method:UnresolvedReceiver:SetDamageInstigator	method	UnresolvedReceiver	SetDamageInstigator	0xf46bd77a	1	1	1	false		ignored	OBSERVED_STABLE_SHAPE	CATALOG_ONLY		CORPUS_CATALOG	11	11	11		
1	RENOVICE_SEMANTIC_SDK_V1	lua:method:UnresolvedReceiver:SetDamageRadius	method	UnresolvedReceiver	SetDamageRadius	0xa9069fbe	1	1	1	false		ignored	OBSERVED_STABLE_SHAPE	CATALOG_ONLY		CORPUS_CATALOG	13	13	13		
1	RENOVICE_SEMANTIC_SDK_V1	lua:method:UnresolvedReceiver:SetDisableMovement	method	UnresolvedReceiver	SetDisableMovement	0xf177e144	1	1	1	false		ignored	OBSERVED_STABLE_SHAPE	CATALOG_ONLY		CORPUS_CATALOG	17	7	11		
1	RENOVICE_SEMANTIC_SDK_V1	lua:method:UnresolvedReceiver:SetDitherDissolve	method	UnresolvedReceiver	SetDitherDissolve	0x4d1e1a32	1	1	1	false		ignored	OBSERVED_STABLE_SHAPE	CATALOG_ONLY		CORPUS_CATALOG	24	15	17		
1	RENOVICE_SEMANTIC_SDK_V1	lua:method:UnresolvedReceiver:SetEnabled	method	UnresolvedReceiver	SetEnabled	0x7876f4e4	1	1	1	false		ignored	OBSERVED_STABLE_SHAPE	CATALOG_ONLY		CORPUS_CATALOG	31	17	25		
1	RENOVICE_SEMANTIC_SDK_V1	lua:method:UnresolvedReceiver:SetIsBlind	method	UnresolvedReceiver	SetIsBlind	0x74735ca2	2	2	2	false		ignored	OBSERVED_STABLE_SHAPE	CATALOG_ONLY		CORPUS_CATALOG	17	9	11		
1	RENOVICE_SEMANTIC_SDK_V1	lua:method:UnresolvedReceiver:SetKinematicVelocity	method	UnresolvedReceiver	SetKinematicVelocity	0x50e98e50	1	1	1	false		ignored	OBSERVED_STABLE_SHAPE	CATALOG_ONLY		CORPUS_CATALOG	27	21	25		
1	RENOVICE_SEMANTIC_SDK_V1	lua:method:UnresolvedReceiver:SetParkourEnabled	method	UnresolvedReceiver	SetParkourEnabled	0x087fc6c1	1	1	1	false		ignored	OBSERVED_STABLE_SHAPE	CATALOG_ONLY		CORPUS_CATALOG	48	17	32		
1	RENOVICE_SEMANTIC_SDK_V1	lua:method:UnresolvedReceiver:SetPinned	method	UnresolvedReceiver	SetPinned	0xa2ec0d7d	1	1	1	false		ignored	OBSERVED_STABLE_SHAPE	CATALOG_ONLY		CORPUS_CATALOG	40	15	28		
1	RENOVICE_SEMANTIC_SDK_V1	lua:method:UnresolvedReceiver:SetPostureModifier	method	UnresolvedReceiver	SetPostureModifier	0xfa4e18f3	2	2	2	false		ignored	OBSERVED_STABLE_SHAPE	CATALOG_ONLY		CORPUS_CATALOG	94	38	58		
1	RENOVICE_SEMANTIC_SDK_V1	lua:method:UnresolvedReceiver:SetProcExtension	method	UnresolvedReceiver	SetProcExtension	0x58ce8c7a	1	1	1	false		ignored	OBSERVED_STABLE_SHAPE	CATALOG_ONLY		CORPUS_CATALOG	17	13	15		
1	RENOVICE_SEMANTIC_SDK_V1	lua:method:UnresolvedReceiver:SetScaleMultiplier	method	UnresolvedReceiver	SetScaleMultiplier	0x3cf7dd83	1	1	1	false		ignored	OBSERVED_STABLE_SHAPE	CATALOG_ONLY		CORPUS_CATALOG	30	23	27		
1	RENOVICE_SEMANTIC_SDK_V1	lua:method:UnresolvedReceiver:SetShakeAmbient	method	UnresolvedReceiver	SetShakeAmbient	0xaba51819	1	1	1	false		ignored	OBSERVED_STABLE_SHAPE	CATALOG_ONLY		CORPUS_CATALOG	66	24	42		
1	RENOVICE_SEMANTIC_SDK_V1	lua:method:UnresolvedReceiver:SetShakeSpeed	method	UnresolvedReceiver	SetShakeSpeed	0x8a73cae3	1	1	1	false		ignored	OBSERVED_STABLE_SHAPE	CATALOG_ONLY		CORPUS_CATALOG	61	23	42		
1	RENOVICE_SEMANTIC_SDK_V1	lua:method:UnresolvedReceiver:SetSuitState	method	UnresolvedReceiver	SetSuitState	0x49790931	1	1	1	false		ignored	OBSERVED_STABLE_SHAPE	CATALOG_ONLY		CORPUS_CATALOG	40	13	28		
1	RENOVICE_SEMANTIC_SDK_V1	lua:method:UnresolvedReceiver:ShakeView	method	UnresolvedReceiver	ShakeView	0x7e360e51	4	4	4	false		ignored	OBSERVED_STABLE_SHAPE	CATALOG_ONLY		CORPUS_CATALOG	51	36	43		
1	RENOVICE_SEMANTIC_SDK_V1	lua:method:UnresolvedReceiver:StopCrouching	method	UnresolvedReceiver	StopCrouching	0x31cc3f3c	0	0	0	false		ignored	OBSERVED_STABLE_SHAPE	CATALOG_ONLY		CORPUS_CATALOG	11	11	11		
1	RENOVICE_SEMANTIC_SDK_V1	lua:method:UnresolvedReceiver:StopMoving	method	UnresolvedReceiver	StopMoving	0x8c98757d	0	0	0	false		ignored	OBSERVED_STABLE_SHAPE	CATALOG_ONLY		CORPUS_CATALOG	16	14	16		
1	RENOVICE_SEMANTIC_SDK_V1	lua:method:UnresolvedReceiver:StopWeapons	method	UnresolvedReceiver	StopWeapons	0xf95b4c1f	0	0	0	false		ignored	OBSERVED_STABLE_SHAPE	CATALOG_ONLY		CORPUS_CATALOG	47	43	46		
1	RENOVICE_SEMANTIC_SDK_V1	lua:method:UnresolvedReceiver:Suicide	method	UnresolvedReceiver	Suicide	0xde789a6d	0	0	0	false		ignored	OBSERVED_STABLE_SHAPE	CATALOG_ONLY		CORPUS_CATALOG	45	21	36		
1	RENOVICE_SEMANTIC_SDK_V1	lua:method:UnresolvedReceiver:ToggleCanUseMeleeOnly	method	UnresolvedReceiver	ToggleCanUseMeleeOnly	0xb7b3902e	1	1	1	false		ignored	OBSERVED_STABLE_SHAPE	CATALOG_ONLY		CORPUS_CATALOG	20	8	14		
1	RENOVICE_SEMANTIC_SDK_V1	lua:method:UnresolvedReceiver:ToggleCastTrails	method	UnresolvedReceiver	ToggleCastTrails	0xe3f1ce0e	1	1	1	false		ignored	OBSERVED_STABLE_SHAPE	CATALOG_ONLY		CORPUS_CATALOG	302	131	172		
1	RENOVICE_SEMANTIC_SDK_V1	lua:method:UpgradedValue:AddModifiers	method	UpgradedValue	AddModifiers	0xb78379da	1	1	1	true	modifiers:table	nil	STOCK_BYTECODE	CONFIRMED	WF-STOCK-BARD-BOXLOOP	CORPUS_CATALOG;DEEP_CONTRACT	66	40	49		
1	RENOVICE_SEMANTIC_SDK_V1	lua:method:UpgradedValue:GetModifiedValue	method	UpgradedValue	GetModifiedValue	0xec0c81d9	0	0	0	false		number	STOCK_BYTECODE	CONFIRMED	WF-STOCK-DAMAGE-DATA-BASE-AMOUNT-2026-09-13	CORPUS_CATALOG;DEEP_CONTRACT	323	153	228		
1	RENOVICE_SEMANTIC_SDK_V1	lua:method:UpgradedValueOrStat:AddModifier	method	UpgradedValueOrStat	AddModifier	0x2c0d089c	2	2	2	true		ignored	OBSERVED_VARIABLE_OR_OPEN	CATALOG_ONLY		CORPUS_CATALOG	84	51	64		
1	RENOVICE_SEMANTIC_SDK_V1	lua:method:UpgradedValueOrStat:GetBaseValue	method	UpgradedValueOrStat	GetBaseValue	0x04108915	0	0	0	false		number	OBSERVED_STABLE_ARGS	CATALOG_ONLY		CORPUS_CATALOG	141	75	98		
1	RENOVICE_SEMANTIC_SDK_V1	lua:method:Weapon:IsMeleeWeapon	method	Weapon	IsMeleeWeapon	0x11017c80	0	0	0	false		boolean	OBSERVED_STABLE_SHAPE	CATALOG_ONLY		CORPUS_CATALOG	15	10	13		
